model,region,target,mean-error
CUBMA,hhs1,1,0.4543103448275861
CUBMA,hhs1,2,0.4560344827586209
CUBMA,hhs1,3,0.4771551724137932
CUBMA,hhs1,4,0.5163793103448273
CUBMA,hhs1,onset_wk,-4.618090452261306
CUBMA,hhs1,peak,0.23965517241379297
CUBMA,hhs1,peak_wk,-3.935849056603773
CUBMA,hhs10,1,0.5866379310344829
CUBMA,hhs10,2,0.5943965517241383
CUBMA,hhs10,3,0.6228448275862064
CUBMA,hhs10,4,0.6443965517241378
CUBMA,hhs10,onset_wk,-0.3517587939698491
CUBMA,hhs10,peak,0.027155172413792842
CUBMA,hhs10,peak_wk,0.047413793103448267
CUBMA,hhs2,1,0.3267241379310344
CUBMA,hhs2,2,0.3245689655172411
CUBMA,hhs2,3,0.268103448275862
CUBMA,hhs2,4,0.22198275862068947
CUBMA,hhs2,onset_wk,1.030150753768844
CUBMA,hhs2,peak,0.1185344827586207
CUBMA,hhs2,peak_wk,-10.66066066066066
CUBMA,hhs3,1,0.3047413793103449
CUBMA,hhs3,2,0.30603448275862083
CUBMA,hhs3,3,0.3090517241379313
CUBMA,hhs3,4,0.29310344827586216
CUBMA,hhs3,onset_wk,-2.190954773869347
CUBMA,hhs3,peak,-0.281896551724138
CUBMA,hhs3,peak_wk,-6.702586206896553
CUBMA,hhs4,1,0.3728448275862065
CUBMA,hhs4,2,0.3775862068965516
CUBMA,hhs4,3,0.3706896551724141
CUBMA,hhs4,4,0.3616379310344827
CUBMA,hhs4,onset_wk,3.396984924623116
CUBMA,hhs4,peak,-0.2706896551724135
CUBMA,hhs4,peak_wk,-8.030201342281881
CUBMA,hhs5,1,0.39482758620689656
CUBMA,hhs5,2,0.3987068965517243
CUBMA,hhs5,3,0.41724137931034505
CUBMA,hhs5,4,0.4422413793103448
CUBMA,hhs5,onset_wk,2.2672413793103448
CUBMA,hhs5,peak,-0.213793103448276
CUBMA,hhs5,peak_wk,-5.709433962264152
CUBMA,hhs6,1,-0.30818965517241365
CUBMA,hhs6,2,-0.30258620689655163
CUBMA,hhs6,3,-0.4732758620689654
CUBMA,hhs6,4,-0.6258620689655173
CUBMA,hhs6,onset_wk,-7.090909090909091
CUBMA,hhs6,peak,-1.4125
CUBMA,hhs6,peak_wk,-1.2887931034482762
CUBMA,hhs7,1,0.4017241379310344
CUBMA,hhs7,2,0.4176724137931031
CUBMA,hhs7,3,0.4297413793103449
CUBMA,hhs7,4,0.4349137931034484
CUBMA,hhs7,onset_wk,0.30603448275862066
CUBMA,hhs7,peak,-0.5797413793103451
CUBMA,hhs7,peak_wk,-5.801724137931035
CUBMA,hhs8,1,0.4353448275862069
CUBMA,hhs8,2,0.4383620689655174
CUBMA,hhs8,3,0.4590517241379309
CUBMA,hhs8,4,0.473706896551724
CUBMA,hhs8,onset_wk,-1.3197969543147208
CUBMA,hhs8,peak,0.08146551724137918
CUBMA,hhs8,peak_wk,-10.348993288590604
CUBMA,hhs9,1,-0.005603448275861961
CUBMA,hhs9,2,-0.007758620689655167
CUBMA,hhs9,3,-0.031465517241379415
CUBMA,hhs9,4,-0.043534482758620666
CUBMA,hhs9,onset_wk,2.5958549222797926
CUBMA,hhs9,peak,-0.19181034482758613
CUBMA,hhs9,peak_wk,-0.13424657534246576
CUBMA,nat,1,0.2797413793103448
CUBMA,nat,2,0.2827586206896551
CUBMA,nat,3,0.2681034482758619
CUBMA,nat,4,0.2439655172413793
CUBMA,nat,onset_wk,0.4422110552763819
CUBMA,nat,peak,-0.2426724137931032
CUBMA,nat,peak_wk,-5.524528301886792
CU_EAKFC_SEIRS,hhs1,1,-0.028017241379310328
CU_EAKFC_SEIRS,hhs1,2,0.13793103448275862
CU_EAKFC_SEIRS,hhs1,3,0.3469827586206897
CU_EAKFC_SEIRS,hhs1,4,0.6129310344827591
CU_EAKFC_SEIRS,hhs1,onset_wk,0.9246231155778896
CU_EAKFC_SEIRS,hhs1,peak,1.851293103448276
CU_EAKFC_SEIRS,hhs1,peak_wk,-4.335849056603774
CU_EAKFC_SEIRS,hhs10,1,0.12198275862068965
CU_EAKFC_SEIRS,hhs10,2,0.3874999999999999
CU_EAKFC_SEIRS,hhs10,3,0.6827586206896551
CU_EAKFC_SEIRS,hhs10,4,0.9909482758620688
CU_EAKFC_SEIRS,hhs10,onset_wk,2.5505050505050506
CU_EAKFC_SEIRS,hhs10,peak,1.3939655172413792
CU_EAKFC_SEIRS,hhs10,peak_wk,-0.4181034482758621
CU_EAKFC_SEIRS,hhs2,1,0.07112068965517243
CU_EAKFC_SEIRS,hhs2,2,0.3168103448275862
CU_EAKFC_SEIRS,hhs2,3,0.6568965517241379
CU_EAKFC_SEIRS,hhs2,4,0.9969827586206896
CU_EAKFC_SEIRS,hhs2,onset_wk,3.944723618090453
CU_EAKFC_SEIRS,hhs2,peak,2.09051724137931
CU_EAKFC_SEIRS,hhs2,peak_wk,-6.024024024024024
CU_EAKFC_SEIRS,hhs3,1,0.04482758620689658
CU_EAKFC_SEIRS,hhs3,2,0.5068965517241377
CU_EAKFC_SEIRS,hhs3,3,1.0465517241379312
CU_EAKFC_SEIRS,hhs3,4,1.2051724137931037
CU_EAKFC_SEIRS,hhs3,onset_wk,2.42713567839196
CU_EAKFC_SEIRS,hhs3,peak,2.0086206896551726
CU_EAKFC_SEIRS,hhs3,peak_wk,-5.974137931034483
CU_EAKFC_SEIRS,hhs4,1,0.03060344827586213
CU_EAKFC_SEIRS,hhs4,2,0.18051948051948044
CU_EAKFC_SEIRS,hhs4,3,0.4363636363636363
CU_EAKFC_SEIRS,hhs4,4,0.7077922077922079
CU_EAKFC_SEIRS,hhs4,onset_wk,5.348484848484849
CU_EAKFC_SEIRS,hhs4,peak,0.8969696969696973
CU_EAKFC_SEIRS,hhs4,peak_wk,-2.9425675675675675
CU_EAKFC_SEIRS,hhs5,1,0.04525862068965519
CU_EAKFC_SEIRS,hhs5,2,0.3698275862068966
CU_EAKFC_SEIRS,hhs5,3,0.7857758620689654
CU_EAKFC_SEIRS,hhs5,4,1.1870689655172408
CU_EAKFC_SEIRS,hhs5,onset_wk,5.645021645021645
CU_EAKFC_SEIRS,hhs5,peak,2.1004310344827584
CU_EAKFC_SEIRS,hhs5,peak_wk,-5.347169811320755
CU_EAKFC_SEIRS,hhs6,1,-0.06250000000000003
CU_EAKFC_SEIRS,hhs6,2,0.10775862068965517
CU_EAKFC_SEIRS,hhs6,3,0.3189655172413792
CU_EAKFC_SEIRS,hhs6,4,0.5758620689655175
CU_EAKFC_SEIRS,hhs6,onset_wk,2.2916666666666665
CU_EAKFC_SEIRS,hhs6,peak,0.3499999999999999
CU_EAKFC_SEIRS,hhs6,peak_wk,-3.2974137931034484
CU_EAKFC_SEIRS,hhs7,1,0.10043103448275872
CU_EAKFC_SEIRS,hhs7,2,0.40301724137931016
CU_EAKFC_SEIRS,hhs7,3,0.7568965517241376
CU_EAKFC_SEIRS,hhs7,4,1.1745689655172418
CU_EAKFC_SEIRS,hhs7,onset_wk,5.12987012987013
CU_EAKFC_SEIRS,hhs7,peak,1.6413793103448275
CU_EAKFC_SEIRS,hhs7,peak_wk,-7.724137931034483
CU_EAKFC_SEIRS,hhs8,1,0.062068965517241365
CU_EAKFC_SEIRS,hhs8,2,0.3784482758620693
CU_EAKFC_SEIRS,hhs8,3,0.7340517241379311
CU_EAKFC_SEIRS,hhs8,4,1.0073275862068964
CU_EAKFC_SEIRS,hhs8,onset_wk,2.7839195979899496
CU_EAKFC_SEIRS,hhs8,peak,1.5456896551724142
CU_EAKFC_SEIRS,hhs8,peak_wk,-3.359060402684564
CU_EAKFC_SEIRS,hhs9,1,0.046120689655172485
CU_EAKFC_SEIRS,hhs9,2,0.15129310344827573
CU_EAKFC_SEIRS,hhs9,3,0.3780172413793102
CU_EAKFC_SEIRS,hhs9,4,0.6181034482758618
CU_EAKFC_SEIRS,hhs9,onset_wk,5.802197802197803
CU_EAKFC_SEIRS,hhs9,peak,0.7374999999999998
CU_EAKFC_SEIRS,hhs9,peak_wk,1.3643835616438356
CU_EAKFC_SEIRS,nat,1,0.06853448275862067
CU_EAKFC_SEIRS,nat,2,0.2706896551724137
CU_EAKFC_SEIRS,nat,3,0.6469827586206898
CU_EAKFC_SEIRS,nat,4,1.0051724137931035
CU_EAKFC_SEIRS,nat,onset_wk,4.321608040201005
CU_EAKFC_SEIRS,nat,peak,1.5693965517241375
CU_EAKFC_SEIRS,nat,peak_wk,-5.018867924528302
CU_EAKFC_SIRS,hhs1,1,-0.028017241379310328
CU_EAKFC_SIRS,hhs1,2,0.27758620689655183
CU_EAKFC_SIRS,hhs1,3,0.5853448275862072
CU_EAKFC_SIRS,hhs1,4,0.9176724137931034
CU_EAKFC_SIRS,hhs1,onset_wk,1.0904522613065326
CU_EAKFC_SIRS,hhs1,peak,1.5159482758620688
CU_EAKFC_SIRS,hhs1,peak_wk,-0.6943396226415094
CU_EAKFC_SIRS,hhs10,1,0.12198275862068965
CU_EAKFC_SIRS,hhs10,2,0.6538793103448278
CU_EAKFC_SIRS,hhs10,3,0.9935344827586204
CU_EAKFC_SIRS,hhs10,4,1.1887931034482755
CU_EAKFC_SIRS,hhs10,onset_wk,2.904040404040404
CU_EAKFC_SIRS,hhs10,peak,1.0064655172413794
CU_EAKFC_SIRS,hhs10,peak_wk,3.2112068965517233
CU_EAKFC_SIRS,hhs2,1,0.07112068965517243
CU_EAKFC_SIRS,hhs2,2,0.4650862068965516
CU_EAKFC_SIRS,hhs2,3,0.8189655172413789
CU_EAKFC_SIRS,hhs2,4,1.129310344827586
CU_EAKFC_SIRS,hhs2,onset_wk,4.49748743718593
CU_EAKFC_SIRS,hhs2,peak,1.5060344827586205
CU_EAKFC_SIRS,hhs2,peak_wk,-3.2972972972972974
CU_EAKFC_SIRS,hhs3,1,0.04482758620689658
CU_EAKFC_SIRS,hhs3,2,0.6948275862068969
CU_EAKFC_SIRS,hhs3,3,1.0051724137931035
CU_EAKFC_SIRS,hhs3,4,1.2737068965517246
CU_EAKFC_SIRS,hhs3,onset_wk,2.2763819095477387
CU_EAKFC_SIRS,hhs3,peak,1.2517241379310349
CU_EAKFC_SIRS,hhs3,peak_wk,-3.25
CU_EAKFC_SIRS,hhs4,1,0.03060344827586213
CU_EAKFC_SIRS,hhs4,2,0.2120689655172414
CU_EAKFC_SIRS,hhs4,3,0.3818965517241379
CU_EAKFC_SIRS,hhs4,4,0.5099137931034483
CU_EAKFC_SIRS,hhs4,onset_wk,5.135678391959799
CU_EAKFC_SIRS,hhs4,peak,0.1107758620689656
CU_EAKFC_SIRS,hhs4,peak_wk,-1.3791946308724832
CU_EAKFC_SIRS,hhs5,1,0.04525862068965519
CU_EAKFC_SIRS,hhs5,2,0.473706896551724
CU_EAKFC_SIRS,hhs5,3,0.9155172413793106
CU_EAKFC_SIRS,hhs5,4,1.353017241379311
CU_EAKFC_SIRS,hhs5,onset_wk,5.614718614718615
CU_EAKFC_SIRS,hhs5,peak,1.3077586206896556
CU_EAKFC_SIRS,hhs5,peak_wk,-0.8716981132075472
CU_EAKFC_SIRS,hhs6,1,-0.06250000000000003
CU_EAKFC_SIRS,hhs6,2,0.12241379310344826
CU_EAKFC_SIRS,hhs6,3,0.2818965517241379
CU_EAKFC_SIRS,hhs6,4,0.4047413793103447
CU_EAKFC_SIRS,hhs6,onset_wk,2.4948453608247423
CU_EAKFC_SIRS,hhs6,peak,-0.27112068965517244
CU_EAKFC_SIRS,hhs6,peak_wk,0.4051724137931034
CU_EAKFC_SIRS,hhs7,1,0.10043103448275872
CU_EAKFC_SIRS,hhs7,2,0.4918103448275858
CU_EAKFC_SIRS,hhs7,3,0.8887931034482758
CU_EAKFC_SIRS,hhs7,4,1.3012931034482755
CU_EAKFC_SIRS,hhs7,onset_wk,5.545454545454546
CU_EAKFC_SIRS,hhs7,peak,1.11853448275862
CU_EAKFC_SIRS,hhs7,peak_wk,-2.689655172413793
CU_EAKFC_SIRS,hhs8,1,0.062068965517241365
CU_EAKFC_SIRS,hhs8,2,0.4857758620689654
CU_EAKFC_SIRS,hhs8,3,0.8362068965517243
CU_EAKFC_SIRS,hhs8,4,1.1474137931034485
CU_EAKFC_SIRS,hhs8,onset_wk,4.904522613065327
CU_EAKFC_SIRS,hhs8,peak,1.2112068965517244
CU_EAKFC_SIRS,hhs8,peak_wk,-0.013422818791946308
CU_EAKFC_SIRS,hhs9,1,0.046120689655172485
CU_EAKFC_SIRS,hhs9,2,0.3469827586206896
CU_EAKFC_SIRS,hhs9,3,0.6262931034482758
CU_EAKFC_SIRS,hhs9,4,0.8193965517241376
CU_EAKFC_SIRS,hhs9,onset_wk,8.518918918918919
CU_EAKFC_SIRS,hhs9,peak,0.4090517241379311
CU_EAKFC_SIRS,hhs9,peak_wk,4.383561643835616
CU_EAKFC_SIRS,nat,1,0.06853448275862067
CU_EAKFC_SIRS,nat,2,0.4413793103448277
CU_EAKFC_SIRS,nat,3,0.7120689655172411
CU_EAKFC_SIRS,nat,4,0.8474137931034481
CU_EAKFC_SIRS,nat,onset_wk,4.798994974874372
CU_EAKFC_SIRS,nat,peak,0.7176724137931033
CU_EAKFC_SIRS,nat,peak_wk,-0.8830188679245283
CU_EKF_SEIRS,hhs1,1,-0.028017241379310328
CU_EKF_SEIRS,hhs1,2,0.2176724137931035
CU_EKF_SEIRS,hhs1,3,0.4500000000000002
CU_EKF_SEIRS,hhs1,4,0.7357758620689654
CU_EKF_SEIRS,hhs1,onset_wk,1.201005025125628
CU_EKF_SEIRS,hhs1,peak,1.9099137931034489
CU_EKF_SEIRS,hhs1,peak_wk,-5.377358490566038
CU_EKF_SEIRS,hhs10,1,0.12198275862068965
CU_EKF_SEIRS,hhs10,2,0.41896551724137937
CU_EKF_SEIRS,hhs10,3,0.7107758620689654
CU_EKF_SEIRS,hhs10,4,1.0586206896551724
CU_EKF_SEIRS,hhs10,onset_wk,2.984848484848485
CU_EKF_SEIRS,hhs10,peak,1.4810344827586204
CU_EKF_SEIRS,hhs10,peak_wk,-0.646551724137931
CU_EKF_SEIRS,hhs2,1,0.07112068965517243
CU_EKF_SEIRS,hhs2,2,0.4163793103448276
CU_EKF_SEIRS,hhs2,3,0.7646551724137931
CU_EKF_SEIRS,hhs2,4,1.166379310344828
CU_EKF_SEIRS,hhs2,onset_wk,4.190954773869347
CU_EKF_SEIRS,hhs2,peak,2.1086206896551727
CU_EKF_SEIRS,hhs2,peak_wk,-6.996996996996997
CU_EKF_SEIRS,hhs3,1,0.04482758620689658
CU_EKF_SEIRS,hhs3,2,0.5034482758620689
CU_EKF_SEIRS,hhs3,3,1.1133620689655173
CU_EKF_SEIRS,hhs3,4,1.4112068965517246
CU_EKF_SEIRS,hhs3,onset_wk,1.9597989949748744
CU_EKF_SEIRS,hhs3,peak,2.0530172413793104
CU_EKF_SEIRS,hhs3,peak_wk,-6.573275862068965
CU_EKF_SEIRS,hhs4,1,0.03060344827586213
CU_EKF_SEIRS,hhs4,2,0.27543103448275863
CU_EKF_SEIRS,hhs4,3,0.5603448275862069
CU_EKF_SEIRS,hhs4,4,0.8724137931034484
CU_EKF_SEIRS,hhs4,onset_wk,4.577889447236181
CU_EKF_SEIRS,hhs4,peak,0.9672413793103448
CU_EKF_SEIRS,hhs4,peak_wk,-4.7348993288590595
CU_EKF_SEIRS,hhs5,1,0.04525862068965519
CU_EKF_SEIRS,hhs5,2,0.4267241379310346
CU_EKF_SEIRS,hhs5,3,0.8465517241379303
CU_EKF_SEIRS,hhs5,4,1.270258620689655
CU_EKF_SEIRS,hhs5,onset_wk,5.454545454545454
CU_EKF_SEIRS,hhs5,peak,2.069827586206895
CU_EKF_SEIRS,hhs5,peak_wk,-5.2566037735849065
CU_EKF_SEIRS,hhs6,1,-0.06250000000000003
CU_EKF_SEIRS,hhs6,2,0.26551724137931043
CU_EKF_SEIRS,hhs6,3,0.5762931034482759
CU_EKF_SEIRS,hhs6,4,0.919396551724138
CU_EKF_SEIRS,hhs6,onset_wk,2.786458333333333
CU_EKF_SEIRS,hhs6,peak,0.5961206896551726
CU_EKF_SEIRS,hhs6,peak_wk,-3.478448275862069
CU_EKF_SEIRS,hhs7,1,0.10043103448275872
CU_EKF_SEIRS,hhs7,2,0.4892241379310341
CU_EKF_SEIRS,hhs7,3,0.8590517241379312
CU_EKF_SEIRS,hhs7,4,1.2836206896551727
CU_EKF_SEIRS,hhs7,onset_wk,5.3478260869565215
CU_EKF_SEIRS,hhs7,peak,1.7306034482758617
CU_EKF_SEIRS,hhs7,peak_wk,-7.288793103448277
CU_EKF_SEIRS,hhs8,1,0.062068965517241365
CU_EKF_SEIRS,hhs8,2,0.4607758620689653
CU_EKF_SEIRS,hhs8,3,0.8133620689655177
CU_EKF_SEIRS,hhs8,4,1.0689655172413788
CU_EKF_SEIRS,hhs8,onset_wk,2.57286432160804
CU_EKF_SEIRS,hhs8,peak,1.5719827586206887
CU_EKF_SEIRS,hhs8,peak_wk,-3.3221476510067114
CU_EKF_SEIRS,hhs9,1,0.046120689655172485
CU_EKF_SEIRS,hhs9,2,0.2120689655172413
CU_EKF_SEIRS,hhs9,3,0.4702586206896549
CU_EKF_SEIRS,hhs9,4,0.7560344827586208
CU_EKF_SEIRS,hhs9,onset_wk,4.978609625668449
CU_EKF_SEIRS,hhs9,peak,0.9094827586206896
CU_EKF_SEIRS,hhs9,peak_wk,0.7342465753424657
CU_EKF_SEIRS,nat,1,0.06853448275862067
CU_EKF_SEIRS,nat,2,0.3741379310344827
CU_EKF_SEIRS,nat,3,0.7956896551724139
CU_EKF_SEIRS,nat,4,1.1814655172413795
CU_EKF_SEIRS,nat,onset_wk,4.311557788944723
CU_EKF_SEIRS,nat,peak,1.6060344827586213
CU_EKF_SEIRS,nat,peak_wk,-6.992452830188679
CU_EKF_SIRS,hhs1,1,-0.028017241379310328
CU_EKF_SIRS,hhs1,2,0.3668103448275864
CU_EKF_SIRS,hhs1,3,0.6349137931034479
CU_EKF_SIRS,hhs1,4,0.9336206896551722
CU_EKF_SIRS,hhs1,onset_wk,1.1457286432160805
CU_EKF_SIRS,hhs1,peak,1.5375000000000003
CU_EKF_SIRS,hhs1,peak_wk,-1.9320754716981128
CU_EKF_SIRS,hhs10,1,0.12198275862068965
CU_EKF_SIRS,hhs10,2,0.6086206896551722
CU_EKF_SIRS,hhs10,3,0.9788793103448276
CU_EKF_SIRS,hhs10,4,1.246982758620689
CU_EKF_SIRS,hhs10,onset_wk,3.1206030150753774
CU_EKF_SIRS,hhs10,peak,1.0241379310344831
CU_EKF_SIRS,hhs10,peak_wk,2.2758620689655173
CU_EKF_SIRS,hhs2,1,0.07112068965517243
CU_EKF_SIRS,hhs2,2,0.5702586206896553
CU_EKF_SIRS,hhs2,3,0.9366379310344826
CU_EKF_SIRS,hhs2,4,1.258189655172414
CU_EKF_SIRS,hhs2,onset_wk,4.492462311557789
CU_EKF_SIRS,hhs2,peak,1.5086206896551726
CU_EKF_SIRS,hhs2,peak_wk,-3.714714714714715
CU_EKF_SIRS,hhs3,1,0.04482758620689658
CU_EKF_SIRS,hhs3,2,0.7952586206896551
CU_EKF_SIRS,hhs3,3,1.1478448275862072
CU_EKF_SIRS,hhs3,4,1.4081896551724142
CU_EKF_SIRS,hhs3,onset_wk,1.879396984924623
CU_EKF_SIRS,hhs3,peak,1.3413793103448273
CU_EKF_SIRS,hhs3,peak_wk,-3.4267241379310347
CU_EKF_SIRS,hhs4,1,0.03060344827586213
CU_EKF_SIRS,hhs4,2,0.3331896551724139
CU_EKF_SIRS,hhs4,3,0.503448275862069
CU_EKF_SIRS,hhs4,4,0.6245689655172414
CU_EKF_SIRS,hhs4,onset_wk,5.155778894472363
CU_EKF_SIRS,hhs4,peak,0.15775862068965524
CU_EKF_SIRS,hhs4,peak_wk,-3.0134228187919465
CU_EKF_SIRS,hhs5,1,0.04525862068965519
CU_EKF_SIRS,hhs5,2,0.5392241379310346
CU_EKF_SIRS,hhs5,3,0.9142241379310349
CU_EKF_SIRS,hhs5,4,1.3038793103448278
CU_EKF_SIRS,hhs5,onset_wk,5.650862068965517
CU_EKF_SIRS,hhs5,peak,1.2590517241379304
CU_EKF_SIRS,hhs5,peak_wk,-2.9433962264150937
CU_EKF_SIRS,hhs6,1,-0.06250000000000003
CU_EKF_SIRS,hhs6,2,0.2530172413793104
CU_EKF_SIRS,hhs6,3,0.4133620689655173
CU_EKF_SIRS,hhs6,4,0.5413793103448276
CU_EKF_SIRS,hhs6,onset_wk,2.1836734693877546
CU_EKF_SIRS,hhs6,peak,-0.18879310344827607
CU_EKF_SIRS,hhs6,peak_wk,-0.875
CU_EKF_SIRS,hhs7,1,0.10043103448275872
CU_EKF_SIRS,hhs7,2,0.6017241379310343
CU_EKF_SIRS,hhs7,3,0.9965517241379312
CU_EKF_SIRS,hhs7,4,1.375431034482759
CU_EKF_SIRS,hhs7,onset_wk,5.770562770562772
CU_EKF_SIRS,hhs7,peak,1.0685344827586207
CU_EKF_SIRS,hhs7,peak_wk,-2.862068965517241
CU_EKF_SIRS,hhs8,1,0.062068965517241365
CU_EKF_SIRS,hhs8,2,0.5254310344827587
CU_EKF_SIRS,hhs8,3,0.7991379310344826
CU_EKF_SIRS,hhs8,4,1.045258620689655
CU_EKF_SIRS,hhs8,onset_wk,4.206030150753769
CU_EKF_SIRS,hhs8,peak,1.0267241379310346
CU_EKF_SIRS,hhs8,peak_wk,-1.4563758389261745
CU_EKF_SIRS,hhs9,1,0.046120689655172485
CU_EKF_SIRS,hhs9,2,0.3844827586206893
CU_EKF_SIRS,hhs9,3,0.6711206896551725
CU_EKF_SIRS,hhs9,4,0.9034482758620692
CU_EKF_SIRS,hhs9,onset_wk,8.867724867724867
CU_EKF_SIRS,hhs9,peak,0.5284482758620691
CU_EKF_SIRS,hhs9,peak_wk,2.4657534246575343
CU_EKF_SIRS,nat,1,0.06853448275862067
CU_EKF_SIRS,nat,2,0.4538793103448277
CU_EKF_SIRS,nat,3,0.7056034482758624
CU_EKF_SIRS,nat,4,0.8961206896551724
CU_EKF_SIRS,nat,onset_wk,4.85427135678392
CU_EKF_SIRS,nat,peak,0.6353448275862066
CU_EKF_SIRS,nat,peak_wk,-2.260377358490566
CU_RHF_SEIRS,hhs1,1,-0.028017241379310328
CU_RHF_SEIRS,hhs1,2,0.5000000000000002
CU_RHF_SEIRS,hhs1,3,0.8538793103448278
CU_RHF_SEIRS,hhs1,4,1.0784482758620688
CU_RHF_SEIRS,hhs1,onset_wk,0.628140703517588
CU_RHF_SEIRS,hhs1,peak,2.2047413793103448
CU_RHF_SEIRS,hhs1,peak_wk,-2.1433962264150943
CU_RHF_SEIRS,hhs10,1,0.12198275862068965
CU_RHF_SEIRS,hhs10,2,0.6310344827586214
CU_RHF_SEIRS,hhs10,3,1.171120689655173
CU_RHF_SEIRS,hhs10,4,1.637931034482759
CU_RHF_SEIRS,hhs10,onset_wk,2.676767676767677
CU_RHF_SEIRS,hhs10,peak,1.9564655172413787
CU_RHF_SEIRS,hhs10,peak_wk,2.655172413793104
CU_RHF_SEIRS,hhs2,1,0.07112068965517243
CU_RHF_SEIRS,hhs2,2,0.9926724137931036
CU_RHF_SEIRS,hhs2,3,1.7456896551724144
CU_RHF_SEIRS,hhs2,4,2.2409482758620696
CU_RHF_SEIRS,hhs2,onset_wk,4.0703517587939695
CU_RHF_SEIRS,hhs2,peak,2.6974137931034483
CU_RHF_SEIRS,hhs2,peak_wk,-3.216216216216216
CU_RHF_SEIRS,hhs3,1,0.04482758620689658
CU_RHF_SEIRS,hhs3,2,1.2176724137931032
CU_RHF_SEIRS,hhs3,3,1.841810344827587
CU_RHF_SEIRS,hhs3,4,2.0017241379310344
CU_RHF_SEIRS,hhs3,onset_wk,1.6231155778894473
CU_RHF_SEIRS,hhs3,peak,2.474568965517241
CU_RHF_SEIRS,hhs3,peak_wk,-3.5948275862068964
CU_RHF_SEIRS,hhs4,1,0.03060344827586213
CU_RHF_SEIRS,hhs4,2,0.9413793103448276
CU_RHF_SEIRS,hhs4,3,1.252586206896552
CU_RHF_SEIRS,hhs4,4,1.548706896551725
CU_RHF_SEIRS,hhs4,onset_wk,4.376884422110553
CU_RHF_SEIRS,hhs4,peak,1.62801724137931
CU_RHF_SEIRS,hhs4,peak_wk,-2.197986577181208
CU_RHF_SEIRS,hhs5,1,0.04525862068965519
CU_RHF_SEIRS,hhs5,2,0.8866379310344831
CU_RHF_SEIRS,hhs5,3,1.5362068965517233
CU_RHF_SEIRS,hhs5,4,1.9038793103448275
CU_RHF_SEIRS,hhs5,onset_wk,5.199134199134199
CU_RHF_SEIRS,hhs5,peak,2.4129310344827597
CU_RHF_SEIRS,hhs5,peak_wk,-3.3622641509433966
CU_RHF_SEIRS,hhs6,1,-0.06250000000000003
CU_RHF_SEIRS,hhs6,2,0.41594827586206906
CU_RHF_SEIRS,hhs6,3,0.7047413793103449
CU_RHF_SEIRS,hhs6,4,1.0418103448275866
CU_RHF_SEIRS,hhs6,onset_wk,2.394871794871795
CU_RHF_SEIRS,hhs6,peak,0.4827586206896552
CU_RHF_SEIRS,hhs6,peak_wk,-3.280172413793104
CU_RHF_SEIRS,hhs7,1,0.10043103448275872
CU_RHF_SEIRS,hhs7,2,1.097413793103448
CU_RHF_SEIRS,hhs7,3,1.7655172413793114
CU_RHF_SEIRS,hhs7,4,2.0250000000000004
CU_RHF_SEIRS,hhs7,onset_wk,5.646551724137932
CU_RHF_SEIRS,hhs7,peak,2.226293103448276
CU_RHF_SEIRS,hhs7,peak_wk,-4.568965517241379
CU_RHF_SEIRS,hhs8,1,0.062068965517241365
CU_RHF_SEIRS,hhs8,2,0.6586206896551722
CU_RHF_SEIRS,hhs8,3,1.1163793103448274
CU_RHF_SEIRS,hhs8,4,1.3672413793103448
CU_RHF_SEIRS,hhs8,onset_wk,3.0351758793969847
CU_RHF_SEIRS,hhs8,peak,1.762499999999999
CU_RHF_SEIRS,hhs8,peak_wk,-2.8959731543624163
CU_RHF_SEIRS,hhs9,1,0.046120689655172485
CU_RHF_SEIRS,hhs9,2,0.6202586206896554
CU_RHF_SEIRS,hhs9,3,1.0396551724137928
CU_RHF_SEIRS,hhs9,4,1.4047413793103452
CU_RHF_SEIRS,hhs9,onset_wk,6.403225806451613
CU_RHF_SEIRS,hhs9,peak,1.4155172413793102
CU_RHF_SEIRS,hhs9,peak_wk,3.405479452054794
CU_RHF_SEIRS,nat,1,0.06853448275862067
CU_RHF_SEIRS,nat,2,0.6017241379310344
CU_RHF_SEIRS,nat,3,1.0693965517241375
CU_RHF_SEIRS,nat,4,1.4495689655172417
CU_RHF_SEIRS,nat,onset_wk,4.452261306532663
CU_RHF_SEIRS,nat,peak,1.9168103448275857
CU_RHF_SEIRS,nat,peak_wk,-2.9660377358490564
CU_RHF_SIRS,hhs1,1,-0.028017241379310328
CU_RHF_SIRS,hhs1,2,0.6771551724137929
CU_RHF_SIRS,hhs1,3,1.1211206896551715
CU_RHF_SIRS,hhs1,4,1.4124999999999992
CU_RHF_SIRS,hhs1,onset_wk,1.0753768844221103
CU_RHF_SIRS,hhs1,peak,1.6952586206896545
CU_RHF_SIRS,hhs1,peak_wk,0.022641509433962263
CU_RHF_SIRS,hhs10,1,0.12198275862068965
CU_RHF_SIRS,hhs10,2,1.244827586206896
CU_RHF_SIRS,hhs10,3,1.7392241379310338
CU_RHF_SIRS,hhs10,4,1.9685344827586204
CU_RHF_SIRS,hhs10,onset_wk,3.336683417085427
CU_RHF_SIRS,hhs10,peak,1.682758620689656
CU_RHF_SIRS,hhs10,peak_wk,4.228448275862069
CU_RHF_SIRS,hhs2,1,0.07112068965517243
CU_RHF_SIRS,hhs2,2,1.7629310344827591
CU_RHF_SIRS,hhs2,3,2.0577586206896545
CU_RHF_SIRS,hhs2,4,2.2461206896551724
CU_RHF_SIRS,hhs2,onset_wk,4.391959798994975
CU_RHF_SIRS,hhs2,peak,2.575
CU_RHF_SIRS,hhs2,peak_wk,-0.5105105105105106
CU_RHF_SIRS,hhs3,1,0.04482758620689658
CU_RHF_SIRS,hhs3,2,1.401724137931034
CU_RHF_SIRS,hhs3,3,1.4788793103448281
CU_RHF_SIRS,hhs3,4,1.6030172413793118
CU_RHF_SIRS,hhs3,onset_wk,2.3165829145728645
CU_RHF_SIRS,hhs3,peak,1.6211206896551724
CU_RHF_SIRS,hhs3,peak_wk,-1.887931034482759
CU_RHF_SIRS,hhs4,1,0.03060344827586213
CU_RHF_SIRS,hhs4,2,1.175862068965517
CU_RHF_SIRS,hhs4,3,1.2909482758620692
CU_RHF_SIRS,hhs4,4,1.4491379310344832
CU_RHF_SIRS,hhs4,onset_wk,4.9798994974874375
CU_RHF_SIRS,hhs4,peak,1.2142241379310348
CU_RHF_SIRS,hhs4,peak_wk,-2.2080536912751683
CU_RHF_SIRS,hhs5,1,0.04525862068965519
CU_RHF_SIRS,hhs5,2,0.9685344827586204
CU_RHF_SIRS,hhs5,3,1.5043103448275863
CU_RHF_SIRS,hhs5,4,1.832758620689655
CU_RHF_SIRS,hhs5,onset_wk,5.6103896103896105
CU_RHF_SIRS,hhs5,peak,1.4719827586206888
CU_RHF_SIRS,hhs5,peak_wk,-1.0603773584905658
CU_RHF_SIRS,hhs6,1,-0.06250000000000003
CU_RHF_SIRS,hhs6,2,0.6284482758620689
CU_RHF_SIRS,hhs6,3,1.032327586206896
CU_RHF_SIRS,hhs6,4,1.1081896551724142
CU_RHF_SIRS,hhs6,onset_wk,1.9648241206030148
CU_RHF_SIRS,hhs6,peak,0.41379310344827575
CU_RHF_SIRS,hhs6,peak_wk,-1.0301724137931034
CU_RHF_SIRS,hhs7,1,0.10043103448275872
CU_RHF_SIRS,hhs7,2,1.1021551724137928
CU_RHF_SIRS,hhs7,3,1.8853448275862064
CU_RHF_SIRS,hhs7,4,2.346551724137933
CU_RHF_SIRS,hhs7,onset_wk,5.849137931034483
CU_RHF_SIRS,hhs7,peak,1.7142241379310348
CU_RHF_SIRS,hhs7,peak_wk,-1.4827586206896552
CU_RHF_SIRS,hhs8,1,0.062068965517241365
CU_RHF_SIRS,hhs8,2,0.7594827586206895
CU_RHF_SIRS,hhs8,3,0.9512931034482756
CU_RHF_SIRS,hhs8,4,1.1939655172413786
CU_RHF_SIRS,hhs8,onset_wk,4.3618090452261296
CU_RHF_SIRS,hhs8,peak,1.2629310344827596
CU_RHF_SIRS,hhs8,peak_wk,-1.4932885906040267
CU_RHF_SIRS,hhs9,1,0.046120689655172485
CU_RHF_SIRS,hhs9,2,0.9827586206896556
CU_RHF_SIRS,hhs9,3,1.1060344827586204
CU_RHF_SIRS,hhs9,4,1.2249999999999994
CU_RHF_SIRS,hhs9,onset_wk,6.940860215053762
CU_RHF_SIRS,hhs9,peak,1.0534482758620691
CU_RHF_SIRS,hhs9,peak_wk,4.457534246575342
CU_RHF_SIRS,nat,1,0.06853448275862067
CU_RHF_SIRS,nat,2,1.2064655172413796
CU_RHF_SIRS,nat,3,1.031034482758621
CU_RHF_SIRS,nat,4,1.1314655172413792
CU_RHF_SIRS,nat,onset_wk,4.7537688442211055
CU_RHF_SIRS,nat,peak,1.3581896551724133
CU_RHF_SIRS,nat,peak_wk,-0.08679245283018867
Delphi_BasisRegression_PackageDefaults,hhs1,1,-0.04762931034482777
Delphi_BasisRegression_PackageDefaults,hhs1,2,-0.06443965517241396
Delphi_BasisRegression_PackageDefaults,hhs1,3,-0.07909482758620699
Delphi_BasisRegression_PackageDefaults,hhs1,4,-0.09784482758620706
Delphi_BasisRegression_PackageDefaults,hhs1,onset_wk,1.3919597989949746
Delphi_BasisRegression_PackageDefaults,hhs1,peak,-0.3004310344827588
Delphi_BasisRegression_PackageDefaults,hhs1,peak_wk,-6.961677362769019
Delphi_BasisRegression_PackageDefaults,hhs10,1,0.3603448275862071
Delphi_BasisRegression_PackageDefaults,hhs10,2,0.4392241379310341
Delphi_BasisRegression_PackageDefaults,hhs10,3,0.4980603448275856
Delphi_BasisRegression_PackageDefaults,hhs10,4,0.5355603448275856
Delphi_BasisRegression_PackageDefaults,hhs10,onset_wk,4.032663316582915
Delphi_BasisRegression_PackageDefaults,hhs10,peak,-0.014224137931034712
Delphi_BasisRegression_PackageDefaults,hhs10,peak_wk,-1.4232758620689672
Delphi_BasisRegression_PackageDefaults,hhs2,1,-0.17241379310344845
Delphi_BasisRegression_PackageDefaults,hhs2,2,-0.24482758620689665
Delphi_BasisRegression_PackageDefaults,hhs2,3,-0.30668103448275885
Delphi_BasisRegression_PackageDefaults,hhs2,4,-0.3670258620689655
Delphi_BasisRegression_PackageDefaults,hhs2,onset_wk,2.648241206030151
Delphi_BasisRegression_PackageDefaults,hhs2,peak,-0.3336206896551725
Delphi_BasisRegression_PackageDefaults,hhs2,peak_wk,-8.52215548882216
Delphi_BasisRegression_PackageDefaults,hhs3,1,0.13383620689655146
Delphi_BasisRegression_PackageDefaults,hhs3,2,0.1834051724137928
Delphi_BasisRegression_PackageDefaults,hhs3,3,0.20538793103448252
Delphi_BasisRegression_PackageDefaults,hhs3,4,0.22370689655172385
Delphi_BasisRegression_PackageDefaults,hhs3,onset_wk,1.736180904522613
Delphi_BasisRegression_PackageDefaults,hhs3,peak,-0.4379310344827588
Delphi_BasisRegression_PackageDefaults,hhs3,peak_wk,-8.610632183908049
Delphi_BasisRegression_PackageDefaults,hhs4,1,-0.15086206896551746
Delphi_BasisRegression_PackageDefaults,hhs4,2,-0.19396551724137948
Delphi_BasisRegression_PackageDefaults,hhs4,3,-0.2409482758620692
Delphi_BasisRegression_PackageDefaults,hhs4,4,-0.2829741379310348
Delphi_BasisRegression_PackageDefaults,hhs4,onset_wk,5.143216080402009
Delphi_BasisRegression_PackageDefaults,hhs4,peak,-0.7168103448275858
Delphi_BasisRegression_PackageDefaults,hhs4,peak_wk,-8.351789709172293
Delphi_BasisRegression_PackageDefaults,hhs5,1,0.019181034482758385
Delphi_BasisRegression_PackageDefaults,hhs5,2,0.03405172413793085
Delphi_BasisRegression_PackageDefaults,hhs5,3,0.035560344827586014
Delphi_BasisRegression_PackageDefaults,hhs5,4,0.03534482758620665
Delphi_BasisRegression_PackageDefaults,hhs5,onset_wk,6.890086206896553
Delphi_BasisRegression_PackageDefaults,hhs5,peak,-0.5224137931034485
Delphi_BasisRegression_PackageDefaults,hhs5,peak_wk,-6.6989580712788355
Delphi_BasisRegression_PackageDefaults,hhs6,1,-0.17413793103448305
Delphi_BasisRegression_PackageDefaults,hhs6,2,-0.24353448275862105
Delphi_BasisRegression_PackageDefaults,hhs6,3,-0.30581896551724164
Delphi_BasisRegression_PackageDefaults,hhs6,4,-0.3659482758620692
Delphi_BasisRegression_PackageDefaults,hhs6,onset_wk,0.005025125628140579
Delphi_BasisRegression_PackageDefaults,hhs6,peak,-0.9982758620689652
Delphi_BasisRegression_PackageDefaults,hhs6,peak_wk,-7.228448275862068
Delphi_BasisRegression_PackageDefaults,hhs7,1,-0.14396551724137968
Delphi_BasisRegression_PackageDefaults,hhs7,2,-0.17715517241379336
Delphi_BasisRegression_PackageDefaults,hhs7,3,-0.20560344827586235
Delphi_BasisRegression_PackageDefaults,hhs7,4,-0.2316810344827588
Delphi_BasisRegression_PackageDefaults,hhs7,onset_wk,1.02801724137931
Delphi_BasisRegression_PackageDefaults,hhs7,peak,-0.7939655172413801
Delphi_BasisRegression_PackageDefaults,hhs7,peak_wk,-6.929238505747128
Delphi_BasisRegression_PackageDefaults,hhs8,1,-0.0771551724137932
Delphi_BasisRegression_PackageDefaults,hhs8,2,-0.09849137931034503
Delphi_BasisRegression_PackageDefaults,hhs8,3,-0.12650862068965524
Delphi_BasisRegression_PackageDefaults,hhs8,4,-0.1446120689655175
Delphi_BasisRegression_PackageDefaults,hhs8,onset_wk,2.6256281407035176
Delphi_BasisRegression_PackageDefaults,hhs8,peak,-0.4176724137931035
Delphi_BasisRegression_PackageDefaults,hhs8,peak_wk,-7.7107387876851226
Delphi_BasisRegression_PackageDefaults,hhs9,1,-0.1519396551724138
Delphi_BasisRegression_PackageDefaults,hhs9,2,-0.15560344827586214
Delphi_BasisRegression_PackageDefaults,hhs9,3,-0.14590517241379314
Delphi_BasisRegression_PackageDefaults,hhs9,4,-0.14116379310344834
Delphi_BasisRegression_PackageDefaults,hhs9,onset_wk,11.809278350515466
Delphi_BasisRegression_PackageDefaults,hhs9,peak,-0.1668103448275862
Delphi_BasisRegression_PackageDefaults,hhs9,peak_wk,-0.1479452054794807
Delphi_BasisRegression_PackageDefaults,nat,1,-0.0778017241379313
Delphi_BasisRegression_PackageDefaults,nat,2,-0.08620689655172434
Delphi_BasisRegression_PackageDefaults,nat,3,-0.10883620689655184
Delphi_BasisRegression_PackageDefaults,nat,4,-0.1318965517241381
Delphi_BasisRegression_PackageDefaults,nat,onset_wk,4.834170854271356
Delphi_BasisRegression_PackageDefaults,nat,peak,-0.4943965517241379
Delphi_BasisRegression_PackageDefaults,nat,peak_wk,-6.845836477987424
Delphi_DeltaDensity_PackageDefaults,hhs1,1,-0.05689655172413824
Delphi_DeltaDensity_PackageDefaults,hhs1,2,-0.0961206896551724
Delphi_DeltaDensity_PackageDefaults,hhs1,3,-0.11788793103448295
Delphi_DeltaDensity_PackageDefaults,hhs1,4,-0.1351293103448278
Delphi_DeltaDensity_PackageDefaults,hhs1,onset_wk,-1.2412060301507537
Delphi_DeltaDensity_PackageDefaults,hhs1,peak,-0.1368534482758622
Delphi_DeltaDensity_PackageDefaults,hhs1,peak_wk,-7.2842767295598065
Delphi_DeltaDensity_PackageDefaults,hhs10,1,0.16702586206896525
Delphi_DeltaDensity_PackageDefaults,hhs10,2,0.2372844827586203
Delphi_DeltaDensity_PackageDefaults,hhs10,3,0.2849137931034479
Delphi_DeltaDensity_PackageDefaults,hhs10,4,0.3299568965517242
Delphi_DeltaDensity_PackageDefaults,hhs10,onset_wk,2.952261306532641
Delphi_DeltaDensity_PackageDefaults,hhs10,peak,0.4536637931034474
Delphi_DeltaDensity_PackageDefaults,hhs10,peak_wk,-1.6724137931034482
Delphi_DeltaDensity_PackageDefaults,hhs2,1,0.005603448275861765
Delphi_DeltaDensity_PackageDefaults,hhs2,2,-0.10086206896551757
Delphi_DeltaDensity_PackageDefaults,hhs2,3,-0.17758620689655202
Delphi_DeltaDensity_PackageDefaults,hhs2,4,-0.2403017241379318
Delphi_DeltaDensity_PackageDefaults,hhs2,onset_wk,1.9145728643216082
Delphi_DeltaDensity_PackageDefaults,hhs2,peak,-0.09030172413793126
Delphi_DeltaDensity_PackageDefaults,hhs2,peak_wk,-10.025934267600284
Delphi_DeltaDensity_PackageDefaults,hhs3,1,-0.04396551724137993
Delphi_DeltaDensity_PackageDefaults,hhs3,2,-0.021982758620690625
Delphi_DeltaDensity_PackageDefaults,hhs3,3,-0.008405172413793531
Delphi_DeltaDensity_PackageDefaults,hhs3,4,0.006681034482757532
Delphi_DeltaDensity_PackageDefaults,hhs3,onset_wk,0.9597989949748744
Delphi_DeltaDensity_PackageDefaults,hhs3,peak,-0.12715517241379384
Delphi_DeltaDensity_PackageDefaults,hhs3,peak_wk,-8.302083333333336
Delphi_DeltaDensity_PackageDefaults,hhs4,1,-0.08512931034482774
Delphi_DeltaDensity_PackageDefaults,hhs4,2,-0.1771551724137938
Delphi_DeltaDensity_PackageDefaults,hhs4,3,-0.2631465517241388
Delphi_DeltaDensity_PackageDefaults,hhs4,4,-0.3241379310344831
Delphi_DeltaDensity_PackageDefaults,hhs4,onset_wk,5.437185929648258
Delphi_DeltaDensity_PackageDefaults,hhs4,peak,-0.5135775862068968
Delphi_DeltaDensity_PackageDefaults,hhs4,peak_wk,-8.305369127517077
Delphi_DeltaDensity_PackageDefaults,hhs5,1,-0.007543103448276005
Delphi_DeltaDensity_PackageDefaults,hhs5,2,0.00021551724137917368
Delphi_DeltaDensity_PackageDefaults,hhs5,3,-0.005172413793103763
Delphi_DeltaDensity_PackageDefaults,hhs5,4,-0.005172413793103793
Delphi_DeltaDensity_PackageDefaults,hhs5,onset_wk,5.137931034482759
Delphi_DeltaDensity_PackageDefaults,hhs5,peak,-0.29676724137931104
Delphi_DeltaDensity_PackageDefaults,hhs5,peak_wk,-7.222641509434018
Delphi_DeltaDensity_PackageDefaults,hhs6,1,-0.16465517241379335
Delphi_DeltaDensity_PackageDefaults,hhs6,2,-0.3006465517241386
Delphi_DeltaDensity_PackageDefaults,hhs6,3,-0.3946120689655184
Delphi_DeltaDensity_PackageDefaults,hhs6,4,-0.4646551724137938
Delphi_DeltaDensity_PackageDefaults,hhs6,onset_wk,-0.7211055276381735
Delphi_DeltaDensity_PackageDefaults,hhs6,peak,-0.5803879310344835
Delphi_DeltaDensity_PackageDefaults,hhs6,peak_wk,-7.235153256704982
Delphi_DeltaDensity_PackageDefaults,hhs7,1,-0.03038793103448293
Delphi_DeltaDensity_PackageDefaults,hhs7,2,-0.10840517241379334
Delphi_DeltaDensity_PackageDefaults,hhs7,3,-0.16810344827586265
Delphi_DeltaDensity_PackageDefaults,hhs7,4,-0.21530172413793147
Delphi_DeltaDensity_PackageDefaults,hhs7,onset_wk,2.536637931034464
Delphi_DeltaDensity_PackageDefaults,hhs7,peak,-0.5353448275862077
Delphi_DeltaDensity_PackageDefaults,hhs7,peak_wk,-8.056872605363994
Delphi_DeltaDensity_PackageDefaults,hhs8,1,-0.04375000000000048
Delphi_DeltaDensity_PackageDefaults,hhs8,2,-0.08297413793103496
Delphi_DeltaDensity_PackageDefaults,hhs8,3,-0.10646551724137962
Delphi_DeltaDensity_PackageDefaults,hhs8,4,-0.12844827586206894
Delphi_DeltaDensity_PackageDefaults,hhs8,onset_wk,0.9673366834170708
Delphi_DeltaDensity_PackageDefaults,hhs8,peak,-0.2161637931034484
Delphi_DeltaDensity_PackageDefaults,hhs8,peak_wk,-8.741610738255238
Delphi_DeltaDensity_PackageDefaults,hhs9,1,-0.4825431034482762
Delphi_DeltaDensity_PackageDefaults,hhs9,2,-0.46443965517241403
Delphi_DeltaDensity_PackageDefaults,hhs9,3,-0.4448275862068975
Delphi_DeltaDensity_PackageDefaults,hhs9,4,-0.4308189655172425
Delphi_DeltaDensity_PackageDefaults,hhs9,onset_wk,3.9444444444444446
Delphi_DeltaDensity_PackageDefaults,hhs9,peak,-0.11400862068965527
Delphi_DeltaDensity_PackageDefaults,hhs9,peak_wk,-0.17534246575348322
Delphi_DeltaDensity_PackageDefaults,nat,1,-0.118534482758621
Delphi_DeltaDensity_PackageDefaults,nat,2,-0.16120689655172474
Delphi_DeltaDensity_PackageDefaults,nat,3,-0.1965517241379313
Delphi_DeltaDensity_PackageDefaults,nat,4,-0.21875000000000053
Delphi_DeltaDensity_PackageDefaults,nat,onset_wk,4.236180904522635
Delphi_DeltaDensity_PackageDefaults,nat,peak,-0.3120689655172415
Delphi_DeltaDensity_PackageDefaults,nat,peak_wk,-6.815786163522033
Delphi_EmpiricalBayes_Cond4,hhs1,1,-0.0676724137931034
Delphi_EmpiricalBayes_Cond4,hhs1,2,-0.11451540454950375
Delphi_EmpiricalBayes_Cond4,hhs1,3,-0.15626079254331152
Delphi_EmpiricalBayes_Cond4,hhs1,4,-0.20020001496416848
Delphi_EmpiricalBayes_Cond4,hhs1,onset_wk,-4.3869346733668335
Delphi_EmpiricalBayes_Cond4,hhs1,peak,-0.08033692066693432
Delphi_EmpiricalBayes_Cond4,hhs1,peak_wk,-6.589020425023848
Delphi_EmpiricalBayes_Cond4,hhs10,1,0.10435571727428314
Delphi_EmpiricalBayes_Cond4,hhs10,2,0.13017241379310338
Delphi_EmpiricalBayes_Cond4,hhs10,3,0.1722027049898886
Delphi_EmpiricalBayes_Cond4,hhs10,4,0.18706896551724145
Delphi_EmpiricalBayes_Cond4,hhs10,onset_wk,-0.8275245000931786
Delphi_EmpiricalBayes_Cond4,hhs10,peak,0.17880349040101368
Delphi_EmpiricalBayes_Cond4,hhs10,peak_wk,0.8427232389290104
Delphi_EmpiricalBayes_Cond4,hhs2,1,0.015086206896551716
Delphi_EmpiricalBayes_Cond4,hhs2,2,-0.06365708255675265
Delphi_EmpiricalBayes_Cond4,hhs2,3,-0.12327586206896556
Delphi_EmpiricalBayes_Cond4,hhs2,4,-0.16450592013324186
Delphi_EmpiricalBayes_Cond4,hhs2,onset_wk,1.0251256281407035
Delphi_EmpiricalBayes_Cond4,hhs2,peak,-0.0892241379310344
Delphi_EmpiricalBayes_Cond4,hhs2,peak_wk,-6.0589631003312325
Delphi_EmpiricalBayes_Cond4,hhs3,1,0.03491379310344828
Delphi_EmpiricalBayes_Cond4,hhs3,2,0.07593647264714543
Delphi_EmpiricalBayes_Cond4,hhs3,3,0.08395227519565727
Delphi_EmpiricalBayes_Cond4,hhs3,4,0.061676193499459186
Delphi_EmpiricalBayes_Cond4,hhs3,onset_wk,-1.9949748743718596
Delphi_EmpiricalBayes_Cond4,hhs3,peak,-0.15880311870650501
Delphi_EmpiricalBayes_Cond4,hhs3,peak_wk,-2.4913793103448274
Delphi_EmpiricalBayes_Cond4,hhs4,1,-0.009051724137931007
Delphi_EmpiricalBayes_Cond4,hhs4,2,-0.030172413793103387
Delphi_EmpiricalBayes_Cond4,hhs4,3,-0.05922598609363005
Delphi_EmpiricalBayes_Cond4,hhs4,4,-0.10129310344827593
Delphi_EmpiricalBayes_Cond4,hhs4,onset_wk,3.5678391959799
Delphi_EmpiricalBayes_Cond4,hhs4,peak,-0.18405172413793106
Delphi_EmpiricalBayes_Cond4,hhs4,peak_wk,-6.231379292675721
Delphi_EmpiricalBayes_Cond4,hhs5,1,0.01206896551724138
Delphi_EmpiricalBayes_Cond4,hhs5,2,0.04389789054916386
Delphi_EmpiricalBayes_Cond4,hhs5,3,0.07370689655172415
Delphi_EmpiricalBayes_Cond4,hhs5,4,0.044674268227861635
Delphi_EmpiricalBayes_Cond4,hhs5,onset_wk,1.3965517241379308
Delphi_EmpiricalBayes_Cond4,hhs5,peak,0.18538921642279693
Delphi_EmpiricalBayes_Cond4,hhs5,peak_wk,-4.326150015878632
Delphi_EmpiricalBayes_Cond4,hhs6,1,-0.05395546631878828
Delphi_EmpiricalBayes_Cond4,hhs6,2,-0.09904057174523084
Delphi_EmpiricalBayes_Cond4,hhs6,3,-0.08467048817677228
Delphi_EmpiricalBayes_Cond4,hhs6,4,-0.0832476876042462
Delphi_EmpiricalBayes_Cond4,hhs6,onset_wk,-2.2361809045226133
Delphi_EmpiricalBayes_Cond4,hhs6,peak,0.005603448275861965
Delphi_EmpiricalBayes_Cond4,hhs6,peak_wk,-6.758620689655173
Delphi_EmpiricalBayes_Cond4,hhs7,1,-0.0609258823823728
Delphi_EmpiricalBayes_Cond4,hhs7,2,-0.006034482758620668
Delphi_EmpiricalBayes_Cond4,hhs7,3,0.06773233615754698
Delphi_EmpiricalBayes_Cond4,hhs7,4,0.13159414338679107
Delphi_EmpiricalBayes_Cond4,hhs7,onset_wk,-0.1336206896551724
Delphi_EmpiricalBayes_Cond4,hhs7,peak,0.3973345648091775
Delphi_EmpiricalBayes_Cond4,hhs7,peak_wk,-4.164109413912848
Delphi_EmpiricalBayes_Cond4,hhs8,1,-0.040177300264961455
Delphi_EmpiricalBayes_Cond4,hhs8,2,-0.054165444548861234
Delphi_EmpiricalBayes_Cond4,hhs8,3,-0.07198275862068974
Delphi_EmpiricalBayes_Cond4,hhs8,4,-0.09514430921597183
Delphi_EmpiricalBayes_Cond4,hhs8,onset_wk,-1.6875126851492213
Delphi_EmpiricalBayes_Cond4,hhs8,peak,-0.13995674956763346
Delphi_EmpiricalBayes_Cond4,hhs8,peak_wk,-6.813362924451655
Delphi_EmpiricalBayes_Cond4,hhs9,1,-0.3534111226297267
Delphi_EmpiricalBayes_Cond4,hhs9,2,-0.35732758620689675
Delphi_EmpiricalBayes_Cond4,hhs9,3,-0.3212818185799133
Delphi_EmpiricalBayes_Cond4,hhs9,4,-0.2729116561217399
Delphi_EmpiricalBayes_Cond4,hhs9,onset_wk,4.346212762353052
Delphi_EmpiricalBayes_Cond4,hhs9,peak,0.26209485535991256
Delphi_EmpiricalBayes_Cond4,hhs9,peak_wk,2.0314769583053582
Delphi_EmpiricalBayes_Cond4,nat,1,-0.05085686366003215
Delphi_EmpiricalBayes_Cond4,nat,2,-0.03491379310344828
Delphi_EmpiricalBayes_Cond4,nat,3,-0.0474137931034483
Delphi_EmpiricalBayes_Cond4,nat,4,-0.07096678752910902
Delphi_EmpiricalBayes_Cond4,nat,onset_wk,0.8693467336683417
Delphi_EmpiricalBayes_Cond4,nat,peak,0.052586206896551836
Delphi_EmpiricalBayes_Cond4,nat,peak_wk,-4.526839709361419
Delphi_EmpiricalBayes_PackageDefaults,hhs1,1,0.0008225418202960347
Delphi_EmpiricalBayes_PackageDefaults,hhs1,2,0.02619776590542926
Delphi_EmpiricalBayes_PackageDefaults,hhs1,3,0.02526078262343271
Delphi_EmpiricalBayes_PackageDefaults,hhs1,4,-0.002418282961132333
Delphi_EmpiricalBayes_PackageDefaults,hhs1,onset_wk,-3.336683417085427
Delphi_EmpiricalBayes_PackageDefaults,hhs1,peak,0.01621355275004022
Delphi_EmpiricalBayes_PackageDefaults,hhs1,peak_wk,-6.252738634296111
Delphi_EmpiricalBayes_PackageDefaults,hhs10,1,0.1594006105760367
Delphi_EmpiricalBayes_PackageDefaults,hhs10,2,0.2265650543894779
Delphi_EmpiricalBayes_PackageDefaults,hhs10,3,0.262068965517241
Delphi_EmpiricalBayes_PackageDefaults,hhs10,4,0.2970688283215627
Delphi_EmpiricalBayes_PackageDefaults,hhs10,onset_wk,-0.1407035175879397
Delphi_EmpiricalBayes_PackageDefaults,hhs10,peak,0.18060344827586228
Delphi_EmpiricalBayes_PackageDefaults,hhs10,peak_wk,1.8232758620689653
Delphi_EmpiricalBayes_PackageDefaults,hhs2,1,-0.0941177402245115
Delphi_EmpiricalBayes_PackageDefaults,hhs2,2,-0.14594521932573182
Delphi_EmpiricalBayes_PackageDefaults,hhs2,3,-0.18742495968873385
Delphi_EmpiricalBayes_PackageDefaults,hhs2,4,-0.2229573291318728
Delphi_EmpiricalBayes_PackageDefaults,hhs2,onset_wk,2.241802166339713
Delphi_EmpiricalBayes_PackageDefaults,hhs2,peak,-0.06924592381640117
Delphi_EmpiricalBayes_PackageDefaults,hhs2,peak_wk,-1.7133549960286547
Delphi_EmpiricalBayes_PackageDefaults,hhs3,1,0.271779584046748
Delphi_EmpiricalBayes_PackageDefaults,hhs3,2,0.4267241379310349
Delphi_EmpiricalBayes_PackageDefaults,hhs3,3,0.5982758620689654
Delphi_EmpiricalBayes_PackageDefaults,hhs3,4,0.7308247151994935
Delphi_EmpiricalBayes_PackageDefaults,hhs3,onset_wk,2.0553722319959107
Delphi_EmpiricalBayes_PackageDefaults,hhs3,peak,0.2643174569327794
Delphi_EmpiricalBayes_PackageDefaults,hhs3,peak_wk,-3.52632846596864
Delphi_EmpiricalBayes_PackageDefaults,hhs4,1,0.05912576149547515
Delphi_EmpiricalBayes_PackageDefaults,hhs4,2,0.13276564878142555
Delphi_EmpiricalBayes_PackageDefaults,hhs4,3,0.16847387910612227
Delphi_EmpiricalBayes_PackageDefaults,hhs4,4,0.1285585802207483
Delphi_EmpiricalBayes_PackageDefaults,hhs4,onset_wk,3.1025757211121934
Delphi_EmpiricalBayes_PackageDefaults,hhs4,peak,-0.09950124475483116
Delphi_EmpiricalBayes_PackageDefaults,hhs4,peak_wk,-11.479919801702357
Delphi_EmpiricalBayes_PackageDefaults,hhs5,1,0.1340517241379311
Delphi_EmpiricalBayes_PackageDefaults,hhs5,2,0.2443965517241379
Delphi_EmpiricalBayes_PackageDefaults,hhs5,3,0.27647584762491595
Delphi_EmpiricalBayes_PackageDefaults,hhs5,4,0.24741379310344805
Delphi_EmpiricalBayes_PackageDefaults,hhs5,onset_wk,2.565334921618507
Delphi_EmpiricalBayes_PackageDefaults,hhs5,peak,0.11914809605577703
Delphi_EmpiricalBayes_PackageDefaults,hhs5,peak_wk,-5.280742126909151
Delphi_EmpiricalBayes_PackageDefaults,hhs6,1,-0.12108248536143673
Delphi_EmpiricalBayes_PackageDefaults,hhs6,2,-0.11206896551724137
Delphi_EmpiricalBayes_PackageDefaults,hhs6,3,-0.101219314700832
Delphi_EmpiricalBayes_PackageDefaults,hhs6,4,-0.09863656772104328
Delphi_EmpiricalBayes_PackageDefaults,hhs6,onset_wk,-2.4321608040201004
Delphi_EmpiricalBayes_PackageDefaults,hhs6,peak,-0.0059779557289634635
Delphi_EmpiricalBayes_PackageDefaults,hhs6,peak_wk,-5.047413793103448
Delphi_EmpiricalBayes_PackageDefaults,hhs7,1,0.10899224012850084
Delphi_EmpiricalBayes_PackageDefaults,hhs7,2,0.30301724137931035
Delphi_EmpiricalBayes_PackageDefaults,hhs7,3,0.4462312593649729
Delphi_EmpiricalBayes_PackageDefaults,hhs7,4,0.4746709137527442
Delphi_EmpiricalBayes_PackageDefaults,hhs7,onset_wk,-0.5431034482758621
Delphi_EmpiricalBayes_PackageDefaults,hhs7,peak,0.7258812445677587
Delphi_EmpiricalBayes_PackageDefaults,hhs7,peak_wk,-5.15119797363055
Delphi_EmpiricalBayes_PackageDefaults,hhs8,1,0.002586206896551728
Delphi_EmpiricalBayes_PackageDefaults,hhs8,2,0.05239319164044756
Delphi_EmpiricalBayes_PackageDefaults,hhs8,3,0.09808741885591583
Delphi_EmpiricalBayes_PackageDefaults,hhs8,4,0.12111010056410468
Delphi_EmpiricalBayes_PackageDefaults,hhs8,onset_wk,-0.9672131147540984
Delphi_EmpiricalBayes_PackageDefaults,hhs8,peak,0.18322041989850954
Delphi_EmpiricalBayes_PackageDefaults,hhs8,peak_wk,-8.006166484357697
Delphi_EmpiricalBayes_PackageDefaults,hhs9,1,-0.034965395764709535
Delphi_EmpiricalBayes_PackageDefaults,hhs9,2,0.03831260416275549
Delphi_EmpiricalBayes_PackageDefaults,hhs9,3,0.09978850570032392
Delphi_EmpiricalBayes_PackageDefaults,hhs9,4,0.1405172413793103
Delphi_EmpiricalBayes_PackageDefaults,hhs9,onset_wk,7.602878591269421
Delphi_EmpiricalBayes_PackageDefaults,hhs9,peak,0.2383866745461762
Delphi_EmpiricalBayes_PackageDefaults,hhs9,peak_wk,4.233647292621522
Delphi_EmpiricalBayes_PackageDefaults,nat,1,-0.015517241379310397
Delphi_EmpiricalBayes_PackageDefaults,nat,2,-0.009051724137931049
Delphi_EmpiricalBayes_PackageDefaults,nat,3,-0.01987768472249618
Delphi_EmpiricalBayes_PackageDefaults,nat,4,-0.03318965517241382
Delphi_EmpiricalBayes_PackageDefaults,nat,onset_wk,0.8442211055276382
Delphi_EmpiricalBayes_PackageDefaults,nat,peak,0.021076814413843417
Delphi_EmpiricalBayes_PackageDefaults,nat,peak_wk,-3.8421013775965385
Delphi_EmpiricalFutures_PackageDefaults,hhs1,1,-0.26745689655172405
Delphi_EmpiricalFutures_PackageDefaults,hhs1,2,-0.2698275862068965
Delphi_EmpiricalFutures_PackageDefaults,hhs1,3,-0.2713362068965517
Delphi_EmpiricalFutures_PackageDefaults,hhs1,4,-0.27327586206896554
Delphi_EmpiricalFutures_PackageDefaults,hhs1,onset_wk,-5.472361809045227
Delphi_EmpiricalFutures_PackageDefaults,hhs1,peak,-0.006465517241379324
Delphi_EmpiricalFutures_PackageDefaults,hhs1,peak_wk,-6.425303983228513
Delphi_EmpiricalFutures_PackageDefaults,hhs10,1,0.2519396551724137
Delphi_EmpiricalFutures_PackageDefaults,hhs10,2,0.25366379310344817
Delphi_EmpiricalFutures_PackageDefaults,hhs10,3,0.2515086206896552
Delphi_EmpiricalFutures_PackageDefaults,hhs10,4,0.2446120689655173
Delphi_EmpiricalFutures_PackageDefaults,hhs10,onset_wk,4.834170854271356
Delphi_EmpiricalFutures_PackageDefaults,hhs10,peak,0.6209051724137934
Delphi_EmpiricalFutures_PackageDefaults,hhs10,peak_wk,-2.0459770114942533
Delphi_EmpiricalFutures_PackageDefaults,hhs2,1,-0.5896551724137932
Delphi_EmpiricalFutures_PackageDefaults,hhs2,2,-0.5900862068965517
Delphi_EmpiricalFutures_PackageDefaults,hhs2,3,-0.582112068965517
Delphi_EmpiricalFutures_PackageDefaults,hhs2,4,-0.5829741379310344
Delphi_EmpiricalFutures_PackageDefaults,hhs2,onset_wk,4.0050251256281415
Delphi_EmpiricalFutures_PackageDefaults,hhs2,peak,0.11982758620689668
Delphi_EmpiricalFutures_PackageDefaults,hhs2,peak_wk,4.524524524524526
Delphi_EmpiricalFutures_PackageDefaults,hhs3,1,0.04784482758620695
Delphi_EmpiricalFutures_PackageDefaults,hhs3,2,0.04245689655172415
Delphi_EmpiricalFutures_PackageDefaults,hhs3,3,0.03706896551724138
Delphi_EmpiricalFutures_PackageDefaults,hhs3,4,0.02349137931034482
Delphi_EmpiricalFutures_PackageDefaults,hhs3,onset_wk,2.241206030150754
Delphi_EmpiricalFutures_PackageDefaults,hhs3,peak,0.27629310344827546
Delphi_EmpiricalFutures_PackageDefaults,hhs3,peak_wk,-5.285201149425287
Delphi_EmpiricalFutures_PackageDefaults,hhs4,1,-0.4724137931034482
Delphi_EmpiricalFutures_PackageDefaults,hhs4,2,-0.4739224137931033
Delphi_EmpiricalFutures_PackageDefaults,hhs4,3,-0.4745689655172414
Delphi_EmpiricalFutures_PackageDefaults,hhs4,4,-0.4737068965517242
Delphi_EmpiricalFutures_PackageDefaults,hhs4,onset_wk,0.8542713567839196
Delphi_EmpiricalFutures_PackageDefaults,hhs4,peak,-0.2874999999999999
Delphi_EmpiricalFutures_PackageDefaults,hhs4,peak_wk,-7.241890380313199
Delphi_EmpiricalFutures_PackageDefaults,hhs5,1,-0.13685344827586207
Delphi_EmpiricalFutures_PackageDefaults,hhs5,2,-0.1396551724137931
Delphi_EmpiricalFutures_PackageDefaults,hhs5,3,-0.1435344827586207
Delphi_EmpiricalFutures_PackageDefaults,hhs5,4,-0.14719827586206902
Delphi_EmpiricalFutures_PackageDefaults,hhs5,onset_wk,7.872844827586207
Delphi_EmpiricalFutures_PackageDefaults,hhs5,peak,-0.1418103448275862
Delphi_EmpiricalFutures_PackageDefaults,hhs5,peak_wk,-6.533333333333334
Delphi_EmpiricalFutures_PackageDefaults,hhs6,1,-0.5081896551724137
Delphi_EmpiricalFutures_PackageDefaults,hhs6,2,-0.5053879310344828
Delphi_EmpiricalFutures_PackageDefaults,hhs6,3,-0.5088362068965516
Delphi_EmpiricalFutures_PackageDefaults,hhs6,4,-0.5030172413793103
Delphi_EmpiricalFutures_PackageDefaults,hhs6,onset_wk,-0.2814070351758794
Delphi_EmpiricalFutures_PackageDefaults,hhs6,peak,-0.008620689655172419
Delphi_EmpiricalFutures_PackageDefaults,hhs6,peak_wk,-5.642241379310344
Delphi_EmpiricalFutures_PackageDefaults,hhs7,1,-0.5226293103448275
Delphi_EmpiricalFutures_PackageDefaults,hhs7,2,-0.5131465517241379
Delphi_EmpiricalFutures_PackageDefaults,hhs7,3,-0.5021551724137928
Delphi_EmpiricalFutures_PackageDefaults,hhs7,4,-0.4948275862068964
Delphi_EmpiricalFutures_PackageDefaults,hhs7,onset_wk,-4.713362068965517
Delphi_EmpiricalFutures_PackageDefaults,hhs7,peak,-0.2995689655172414
Delphi_EmpiricalFutures_PackageDefaults,hhs7,peak_wk,-6.491379310344827
Delphi_EmpiricalFutures_PackageDefaults,hhs8,1,-0.3153017241379309
Delphi_EmpiricalFutures_PackageDefaults,hhs8,2,-0.3196120689655172
Delphi_EmpiricalFutures_PackageDefaults,hhs8,3,-0.3258620689655169
Delphi_EmpiricalFutures_PackageDefaults,hhs8,4,-0.3308189655172413
Delphi_EmpiricalFutures_PackageDefaults,hhs8,onset_wk,0.15829145728643215
Delphi_EmpiricalFutures_PackageDefaults,hhs8,peak,-0.05711206896551733
Delphi_EmpiricalFutures_PackageDefaults,hhs8,peak_wk,-8.022706935123049
Delphi_EmpiricalFutures_PackageDefaults,hhs9,1,-0.21702586206896546
Delphi_EmpiricalFutures_PackageDefaults,hhs9,2,-0.21422413793103445
Delphi_EmpiricalFutures_PackageDefaults,hhs9,3,-0.20905172413793105
Delphi_EmpiricalFutures_PackageDefaults,hhs9,4,-0.2032327586206897
Delphi_EmpiricalFutures_PackageDefaults,hhs9,onset_wk,10.782828282828284
Delphi_EmpiricalFutures_PackageDefaults,hhs9,peak,0.3784482758620692
Delphi_EmpiricalFutures_PackageDefaults,hhs9,peak_wk,-1.1890410958904096
Delphi_EmpiricalFutures_PackageDefaults,nat,1,-0.25797413793103463
Delphi_EmpiricalFutures_PackageDefaults,nat,2,-0.25668103448275864
Delphi_EmpiricalFutures_PackageDefaults,nat,3,-0.25948275862068976
Delphi_EmpiricalFutures_PackageDefaults,nat,4,-0.2599137931034484
Delphi_EmpiricalFutures_PackageDefaults,nat,onset_wk,2.78894472361809
Delphi_EmpiricalFutures_PackageDefaults,nat,peak,-0.046120689655172346
Delphi_EmpiricalFutures_PackageDefaults,nat,peak_wk,-5.573584905660376
Delphi_EmpiricalTrajectories_PackageDefaults,hhs1,1,-0.26745689655172405
Delphi_EmpiricalTrajectories_PackageDefaults,hhs1,2,-0.2698275862068965
Delphi_EmpiricalTrajectories_PackageDefaults,hhs1,3,-0.2713362068965517
Delphi_EmpiricalTrajectories_PackageDefaults,hhs1,4,-0.27327586206896554
Delphi_EmpiricalTrajectories_PackageDefaults,hhs1,onset_wk,-7.620603015075376
Delphi_EmpiricalTrajectories_PackageDefaults,hhs1,peak,0.2282327586206897
Delphi_EmpiricalTrajectories_PackageDefaults,hhs1,peak_wk,-11.301886792452835
Delphi_EmpiricalTrajectories_PackageDefaults,hhs10,1,0.2519396551724137
Delphi_EmpiricalTrajectories_PackageDefaults,hhs10,2,0.25366379310344817
Delphi_EmpiricalTrajectories_PackageDefaults,hhs10,3,0.2515086206896552
Delphi_EmpiricalTrajectories_PackageDefaults,hhs10,4,0.2446120689655173
Delphi_EmpiricalTrajectories_PackageDefaults,hhs10,onset_wk,13.841708542713569
Delphi_EmpiricalTrajectories_PackageDefaults,hhs10,peak,1.6831896551724137
Delphi_EmpiricalTrajectories_PackageDefaults,hhs10,peak_wk,-5.387931034482759
Delphi_EmpiricalTrajectories_PackageDefaults,hhs2,1,-0.5896551724137932
Delphi_EmpiricalTrajectories_PackageDefaults,hhs2,2,-0.5900862068965517
Delphi_EmpiricalTrajectories_PackageDefaults,hhs2,3,-0.582112068965517
Delphi_EmpiricalTrajectories_PackageDefaults,hhs2,4,-0.5829741379310344
Delphi_EmpiricalTrajectories_PackageDefaults,hhs2,onset_wk,8.726130653266331
Delphi_EmpiricalTrajectories_PackageDefaults,hhs2,peak,-0.09590517241379276
Delphi_EmpiricalTrajectories_PackageDefaults,hhs2,peak_wk,27.04204204204204
Delphi_EmpiricalTrajectories_PackageDefaults,hhs3,1,0.04784482758620695
Delphi_EmpiricalTrajectories_PackageDefaults,hhs3,2,0.04245689655172415
Delphi_EmpiricalTrajectories_PackageDefaults,hhs3,3,0.03706896551724138
Delphi_EmpiricalTrajectories_PackageDefaults,hhs3,4,0.02349137931034482
Delphi_EmpiricalTrajectories_PackageDefaults,hhs3,onset_wk,5.881909547738694
Delphi_EmpiricalTrajectories_PackageDefaults,hhs3,peak,0.7808189655172423
Delphi_EmpiricalTrajectories_PackageDefaults,hhs3,peak_wk,-7.392241379310344
Delphi_EmpiricalTrajectories_PackageDefaults,hhs4,1,-0.4724137931034482
Delphi_EmpiricalTrajectories_PackageDefaults,hhs4,2,-0.4739224137931033
Delphi_EmpiricalTrajectories_PackageDefaults,hhs4,3,-0.4745689655172414
Delphi_EmpiricalTrajectories_PackageDefaults,hhs4,4,-0.4737068965517242
Delphi_EmpiricalTrajectories_PackageDefaults,hhs4,onset_wk,-6.959798994974874
Delphi_EmpiricalTrajectories_PackageDefaults,hhs4,peak,-0.4107758620689656
Delphi_EmpiricalTrajectories_PackageDefaults,hhs4,peak_wk,-18.109060402684566
Delphi_EmpiricalTrajectories_PackageDefaults,hhs5,1,-0.13685344827586207
Delphi_EmpiricalTrajectories_PackageDefaults,hhs5,2,-0.1396551724137931
Delphi_EmpiricalTrajectories_PackageDefaults,hhs5,3,-0.1435344827586207
Delphi_EmpiricalTrajectories_PackageDefaults,hhs5,4,-0.14719827586206902
Delphi_EmpiricalTrajectories_PackageDefaults,hhs5,onset_wk,20.63793103448276
Delphi_EmpiricalTrajectories_PackageDefaults,hhs5,peak,0.1372844827586207
Delphi_EmpiricalTrajectories_PackageDefaults,hhs5,peak_wk,-17.9811320754717
Delphi_EmpiricalTrajectories_PackageDefaults,hhs6,1,-0.5081896551724137
Delphi_EmpiricalTrajectories_PackageDefaults,hhs6,2,-0.5053879310344828
Delphi_EmpiricalTrajectories_PackageDefaults,hhs6,3,-0.5088362068965516
Delphi_EmpiricalTrajectories_PackageDefaults,hhs6,4,-0.5030172413793103
Delphi_EmpiricalTrajectories_PackageDefaults,hhs6,onset_wk,1.4924623115577889
Delphi_EmpiricalTrajectories_PackageDefaults,hhs6,peak,0.22392241379310326
Delphi_EmpiricalTrajectories_PackageDefaults,hhs6,peak_wk,-20.96551724137931
Delphi_EmpiricalTrajectories_PackageDefaults,hhs7,1,-0.5226293103448275
Delphi_EmpiricalTrajectories_PackageDefaults,hhs7,2,-0.5131465517241379
Delphi_EmpiricalTrajectories_PackageDefaults,hhs7,3,-0.5021551724137928
Delphi_EmpiricalTrajectories_PackageDefaults,hhs7,4,-0.4948275862068964
Delphi_EmpiricalTrajectories_PackageDefaults,hhs7,onset_wk,-13.571120689655173
Delphi_EmpiricalTrajectories_PackageDefaults,hhs7,peak,-0.1780172413793103
Delphi_EmpiricalTrajectories_PackageDefaults,hhs7,peak_wk,-20.756465517241377
Delphi_EmpiricalTrajectories_PackageDefaults,hhs8,1,-0.3153017241379309
Delphi_EmpiricalTrajectories_PackageDefaults,hhs8,2,-0.3196120689655172
Delphi_EmpiricalTrajectories_PackageDefaults,hhs8,3,-0.3258620689655169
Delphi_EmpiricalTrajectories_PackageDefaults,hhs8,4,-0.3308189655172413
Delphi_EmpiricalTrajectories_PackageDefaults,hhs8,onset_wk,-0.6482412060301508
Delphi_EmpiricalTrajectories_PackageDefaults,hhs8,peak,0.2312499999999996
Delphi_EmpiricalTrajectories_PackageDefaults,hhs8,peak_wk,-13.998322147650995
Delphi_EmpiricalTrajectories_PackageDefaults,hhs9,1,-0.21702586206896546
Delphi_EmpiricalTrajectories_PackageDefaults,hhs9,2,-0.21422413793103445
Delphi_EmpiricalTrajectories_PackageDefaults,hhs9,3,-0.20905172413793105
Delphi_EmpiricalTrajectories_PackageDefaults,hhs9,4,-0.2032327586206897
Delphi_EmpiricalTrajectories_PackageDefaults,hhs9,onset_wk,23.21608040201005
Delphi_EmpiricalTrajectories_PackageDefaults,hhs9,peak,1.0183189655172402
Delphi_EmpiricalTrajectories_PackageDefaults,hhs9,peak_wk,-8.53150684931507
Delphi_EmpiricalTrajectories_PackageDefaults,nat,1,-0.25797413793103463
Delphi_EmpiricalTrajectories_PackageDefaults,nat,2,-0.25668103448275864
Delphi_EmpiricalTrajectories_PackageDefaults,nat,3,-0.25948275862068976
Delphi_EmpiricalTrajectories_PackageDefaults,nat,4,-0.2599137931034484
Delphi_EmpiricalTrajectories_PackageDefaults,nat,onset_wk,1.0100502512562817
Delphi_EmpiricalTrajectories_PackageDefaults,nat,peak,0.25000000000000033
Delphi_EmpiricalTrajectories_PackageDefaults,nat,peak_wk,-18.043396226415094
Delphi_MarkovianDeltaDensity_PackageDefaults,hhs1,1,-0.05258620689655203
Delphi_MarkovianDeltaDensity_PackageDefaults,hhs1,2,-0.06961206896551769
Delphi_MarkovianDeltaDensity_PackageDefaults,hhs1,3,-0.1056034482758627
Delphi_MarkovianDeltaDensity_PackageDefaults,hhs1,4,-0.1219827586206896
Delphi_MarkovianDeltaDensity_PackageDefaults,hhs1,onset_wk,-3.2613065326632764
Delphi_MarkovianDeltaDensity_PackageDefaults,hhs1,peak,-0.2099137931034489
Delphi_MarkovianDeltaDensity_PackageDefaults,hhs1,peak_wk,-6.150943396226487
Delphi_MarkovianDeltaDensity_PackageDefaults,hhs10,1,0.12543103448275805
Delphi_MarkovianDeltaDensity_PackageDefaults,hhs10,2,0.19913793103448255
Delphi_MarkovianDeltaDensity_PackageDefaults,hhs10,3,0.2471982758620683
Delphi_MarkovianDeltaDensity_PackageDefaults,hhs10,4,0.2821120689655166
Delphi_MarkovianDeltaDensity_PackageDefaults,hhs10,onset_wk,2.7839195979899496
Delphi_MarkovianDeltaDensity_PackageDefaults,hhs10,peak,0.4338362068965512
Delphi_MarkovianDeltaDensity_PackageDefaults,hhs10,peak_wk,-2.6163793103448274
Delphi_MarkovianDeltaDensity_PackageDefaults,hhs2,1,0.08987068965517234
Delphi_MarkovianDeltaDensity_PackageDefaults,hhs2,2,0.06077586206896484
Delphi_MarkovianDeltaDensity_PackageDefaults,hhs2,3,0.04245689655172396
Delphi_MarkovianDeltaDensity_PackageDefaults,hhs2,4,0.009913793103446995
Delphi_MarkovianDeltaDensity_PackageDefaults,hhs2,onset_wk,4.010050251256281
Delphi_MarkovianDeltaDensity_PackageDefaults,hhs2,peak,-0.03534482758620697
Delphi_MarkovianDeltaDensity_PackageDefaults,hhs2,peak_wk,-4.098848848848205
Delphi_MarkovianDeltaDensity_PackageDefaults,hhs3,1,-0.04849137931034498
Delphi_MarkovianDeltaDensity_PackageDefaults,hhs3,2,-0.05495689655172458
Delphi_MarkovianDeltaDensity_PackageDefaults,hhs3,3,-0.05129310344827657
Delphi_MarkovianDeltaDensity_PackageDefaults,hhs3,4,-0.04051724137931074
Delphi_MarkovianDeltaDensity_PackageDefaults,hhs3,onset_wk,1.2412060301507406
Delphi_MarkovianDeltaDensity_PackageDefaults,hhs3,peak,-0.359267241379311
Delphi_MarkovianDeltaDensity_PackageDefaults,hhs3,peak_wk,-7.56803160919541
Delphi_MarkovianDeltaDensity_PackageDefaults,hhs4,1,-0.007974137931034625
Delphi_MarkovianDeltaDensity_PackageDefaults,hhs4,2,-0.024137931034482776
Delphi_MarkovianDeltaDensity_PackageDefaults,hhs4,3,-0.0375000000000013
Delphi_MarkovianDeltaDensity_PackageDefaults,hhs4,4,-0.051724137931034926
Delphi_MarkovianDeltaDensity_PackageDefaults,hhs4,onset_wk,4.391959798994975
Delphi_MarkovianDeltaDensity_PackageDefaults,hhs4,peak,-0.17931034482758676
Delphi_MarkovianDeltaDensity_PackageDefaults,hhs4,peak_wk,-2.5671140939599515
Delphi_MarkovianDeltaDensity_PackageDefaults,hhs5,1,-0.04525862068965547
Delphi_MarkovianDeltaDensity_PackageDefaults,hhs5,2,-0.05409482758620707
Delphi_MarkovianDeltaDensity_PackageDefaults,hhs5,3,-0.09310344827586267
Delphi_MarkovianDeltaDensity_PackageDefaults,hhs5,4,-0.11163793103448337
Delphi_MarkovianDeltaDensity_PackageDefaults,hhs5,onset_wk,5.831896551724138
Delphi_MarkovianDeltaDensity_PackageDefaults,hhs5,peak,-0.4903017241379319
Delphi_MarkovianDeltaDensity_PackageDefaults,hhs5,peak_wk,-6.637735849056661
Delphi_MarkovianDeltaDensity_PackageDefaults,hhs6,1,-0.06185344827586221
Delphi_MarkovianDeltaDensity_PackageDefaults,hhs6,2,-0.06961206896551772
Delphi_MarkovianDeltaDensity_PackageDefaults,hhs6,3,-0.09008620689655264
Delphi_MarkovianDeltaDensity_PackageDefaults,hhs6,4,-0.12370689655172502
Delphi_MarkovianDeltaDensity_PackageDefaults,hhs6,onset_wk,-1.4195979899497702
Delphi_MarkovianDeltaDensity_PackageDefaults,hhs6,peak,-0.43383620689655344
Delphi_MarkovianDeltaDensity_PackageDefaults,hhs6,peak_wk,-5.21767241379311
Delphi_MarkovianDeltaDensity_PackageDefaults,hhs7,1,0.01831896551724118
Delphi_MarkovianDeltaDensity_PackageDefaults,hhs7,2,-0.013146551724138127
Delphi_MarkovianDeltaDensity_PackageDefaults,hhs7,3,-0.03146551724138063
Delphi_MarkovianDeltaDensity_PackageDefaults,hhs7,4,-0.033620689655173064
Delphi_MarkovianDeltaDensity_PackageDefaults,hhs7,onset_wk,0.8900862068965574
Delphi_MarkovianDeltaDensity_PackageDefaults,hhs7,peak,-0.2428879310344837
Delphi_MarkovianDeltaDensity_PackageDefaults,hhs7,peak_wk,-5.217672413793107
Delphi_MarkovianDeltaDensity_PackageDefaults,hhs8,1,-0.011853448275862532
Delphi_MarkovianDeltaDensity_PackageDefaults,hhs8,2,-0.036637931034483096
Delphi_MarkovianDeltaDensity_PackageDefaults,hhs8,3,-0.08642241379310396
Delphi_MarkovianDeltaDensity_PackageDefaults,hhs8,4,-0.12112068965517304
Delphi_MarkovianDeltaDensity_PackageDefaults,hhs8,onset_wk,-1.6331658291457287
Delphi_MarkovianDeltaDensity_PackageDefaults,hhs8,peak,-0.30323275862069
Delphi_MarkovianDeltaDensity_PackageDefaults,hhs8,peak_wk,-8.342281879194836
Delphi_MarkovianDeltaDensity_PackageDefaults,hhs9,1,-0.4698275862068964
Delphi_MarkovianDeltaDensity_PackageDefaults,hhs9,2,-0.4323275862068969
Delphi_MarkovianDeltaDensity_PackageDefaults,hhs9,3,-0.41465517241379385
Delphi_MarkovianDeltaDensity_PackageDefaults,hhs9,4,-0.4073275862068975
Delphi_MarkovianDeltaDensity_PackageDefaults,hhs9,onset_wk,8.734848484848484
Delphi_MarkovianDeltaDensity_PackageDefaults,hhs9,peak,0.09999999999999976
Delphi_MarkovianDeltaDensity_PackageDefaults,hhs9,peak_wk,4.987549467275432
Delphi_MarkovianDeltaDensity_PackageDefaults,nat,1,-0.08060344827586237
Delphi_MarkovianDeltaDensity_PackageDefaults,nat,2,-0.09396551724137964
Delphi_MarkovianDeltaDensity_PackageDefaults,nat,3,-0.11336206896551758
Delphi_MarkovianDeltaDensity_PackageDefaults,nat,4,-0.12823275862068978
Delphi_MarkovianDeltaDensity_PackageDefaults,nat,onset_wk,3.4824120603015074
Delphi_MarkovianDeltaDensity_PackageDefaults,nat,peak,-0.3758620689655178
Delphi_MarkovianDeltaDensity_PackageDefaults,nat,peak_wk,-5.913207547169832
Delphi_Stat_FewerComponentsNoBackcastNoNowcast,hhs1,1,-0.06449120199171242
Delphi_Stat_FewerComponentsNoBackcastNoNowcast,hhs1,2,-0.1006038839762972
Delphi_Stat_FewerComponentsNoBackcastNoNowcast,hhs1,3,-0.12423342470981638
Delphi_Stat_FewerComponentsNoBackcastNoNowcast,hhs1,4,-0.14634888188659542
Delphi_Stat_FewerComponentsNoBackcastNoNowcast,hhs1,onset_wk,-0.949971870778442
Delphi_Stat_FewerComponentsNoBackcastNoNowcast,hhs1,peak,0.10703865505635067
Delphi_Stat_FewerComponentsNoBackcastNoNowcast,hhs1,peak_wk,-7.039828215637064
Delphi_Stat_FewerComponentsNoBackcastNoNowcast,hhs10,1,0.16402363431654235
Delphi_Stat_FewerComponentsNoBackcastNoNowcast,hhs10,2,0.2271939025919819
Delphi_Stat_FewerComponentsNoBackcastNoNowcast,hhs10,3,0.2646851411476069
Delphi_Stat_FewerComponentsNoBackcastNoNowcast,hhs10,4,0.2928368136023585
Delphi_Stat_FewerComponentsNoBackcastNoNowcast,hhs10,onset_wk,3.564903618774673
Delphi_Stat_FewerComponentsNoBackcastNoNowcast,hhs10,peak,0.5419995167899244
Delphi_Stat_FewerComponentsNoBackcastNoNowcast,hhs10,peak_wk,0.05102459057127656
Delphi_Stat_FewerComponentsNoBackcastNoNowcast,hhs2,1,0.003157053432807269
Delphi_Stat_FewerComponentsNoBackcastNoNowcast,hhs2,2,-0.0943347942722428
Delphi_Stat_FewerComponentsNoBackcastNoNowcast,hhs2,3,-0.1640991924559265
Delphi_Stat_FewerComponentsNoBackcastNoNowcast,hhs2,4,-0.24184705680234075
Delphi_Stat_FewerComponentsNoBackcastNoNowcast,hhs2,onset_wk,3.0283293285329997
Delphi_Stat_FewerComponentsNoBackcastNoNowcast,hhs2,peak,0.10428928483205592
Delphi_Stat_FewerComponentsNoBackcastNoNowcast,hhs2,peak_wk,-9.902919583565584
Delphi_Stat_FewerComponentsNoBackcastNoNowcast,hhs3,1,-0.03531112180689276
Delphi_Stat_FewerComponentsNoBackcastNoNowcast,hhs3,2,-0.020990406728441036
Delphi_Stat_FewerComponentsNoBackcastNoNowcast,hhs3,3,-0.005615517561212694
Delphi_Stat_FewerComponentsNoBackcastNoNowcast,hhs3,4,0.010968151903298012
Delphi_Stat_FewerComponentsNoBackcastNoNowcast,hhs3,onset_wk,1.5677231739273318
Delphi_Stat_FewerComponentsNoBackcastNoNowcast,hhs3,peak,-0.016226069235192563
Delphi_Stat_FewerComponentsNoBackcastNoNowcast,hhs3,peak_wk,-7.375864129287717
Delphi_Stat_FewerComponentsNoBackcastNoNowcast,hhs4,1,-0.08153576746366717
Delphi_Stat_FewerComponentsNoBackcastNoNowcast,hhs4,2,-0.16302346317007335
Delphi_Stat_FewerComponentsNoBackcastNoNowcast,hhs4,3,-0.22892814405941755
Delphi_Stat_FewerComponentsNoBackcastNoNowcast,hhs4,4,-0.2909185521003522
Delphi_Stat_FewerComponentsNoBackcastNoNowcast,hhs4,onset_wk,5.574789588982923
Delphi_Stat_FewerComponentsNoBackcastNoNowcast,hhs4,peak,-0.2317600121619767
Delphi_Stat_FewerComponentsNoBackcastNoNowcast,hhs4,peak_wk,-8.728897475452307
Delphi_Stat_FewerComponentsNoBackcastNoNowcast,hhs5,1,-0.02782216482362786
Delphi_Stat_FewerComponentsNoBackcastNoNowcast,hhs5,2,-0.028521700255905325
Delphi_Stat_FewerComponentsNoBackcastNoNowcast,hhs5,3,-0.034383429779820354
Delphi_Stat_FewerComponentsNoBackcastNoNowcast,hhs5,4,-0.02947824199981852
Delphi_Stat_FewerComponentsNoBackcastNoNowcast,hhs5,onset_wk,6.529480759019552
Delphi_Stat_FewerComponentsNoBackcastNoNowcast,hhs5,peak,-0.1010171368724674
Delphi_Stat_FewerComponentsNoBackcastNoNowcast,hhs5,peak_wk,-6.922909608165001
Delphi_Stat_FewerComponentsNoBackcastNoNowcast,hhs6,1,-0.14116627587041392
Delphi_Stat_FewerComponentsNoBackcastNoNowcast,hhs6,2,-0.25689230501137944
Delphi_Stat_FewerComponentsNoBackcastNoNowcast,hhs6,3,-0.32830389178514463
Delphi_Stat_FewerComponentsNoBackcastNoNowcast,hhs6,4,-0.4138958956256204
Delphi_Stat_FewerComponentsNoBackcastNoNowcast,hhs6,onset_wk,-1.1062775561847933
Delphi_Stat_FewerComponentsNoBackcastNoNowcast,hhs6,peak,-0.482973963072224
Delphi_Stat_FewerComponentsNoBackcastNoNowcast,hhs6,peak_wk,-6.970334148497297
Delphi_Stat_FewerComponentsNoBackcastNoNowcast,hhs7,1,-0.03235612281020834
Delphi_Stat_FewerComponentsNoBackcastNoNowcast,hhs7,2,-0.10377553600851933
Delphi_Stat_FewerComponentsNoBackcastNoNowcast,hhs7,3,-0.14582412970621164
Delphi_Stat_FewerComponentsNoBackcastNoNowcast,hhs7,4,-0.19345765687882985
Delphi_Stat_FewerComponentsNoBackcastNoNowcast,hhs7,onset_wk,3.170908383764637
Delphi_Stat_FewerComponentsNoBackcastNoNowcast,hhs7,peak,-0.2190081246017415
Delphi_Stat_FewerComponentsNoBackcastNoNowcast,hhs7,peak_wk,-8.000054701674678
Delphi_Stat_FewerComponentsNoBackcastNoNowcast,hhs8,1,-0.0404401686439445
Delphi_Stat_FewerComponentsNoBackcastNoNowcast,hhs8,2,-0.08204200715868218
Delphi_Stat_FewerComponentsNoBackcastNoNowcast,hhs8,3,-0.1077104470964346
Delphi_Stat_FewerComponentsNoBackcastNoNowcast,hhs8,4,-0.13664201304640694
Delphi_Stat_FewerComponentsNoBackcastNoNowcast,hhs8,onset_wk,1.0858975244021538
Delphi_Stat_FewerComponentsNoBackcastNoNowcast,hhs8,peak,0.007270685195948768
Delphi_Stat_FewerComponentsNoBackcastNoNowcast,hhs8,peak_wk,-8.547719272512081
Delphi_Stat_FewerComponentsNoBackcastNoNowcast,hhs9,1,-0.44717535208046005
Delphi_Stat_FewerComponentsNoBackcastNoNowcast,hhs9,2,-0.4230900331186838
Delphi_Stat_FewerComponentsNoBackcastNoNowcast,hhs9,3,-0.3992370958281223
Delphi_Stat_FewerComponentsNoBackcastNoNowcast,hhs9,4,-0.3861195114478851
Delphi_Stat_FewerComponentsNoBackcastNoNowcast,hhs9,onset_wk,6.718539676820023
Delphi_Stat_FewerComponentsNoBackcastNoNowcast,hhs9,peak,0.1307214473921041
Delphi_Stat_FewerComponentsNoBackcastNoNowcast,hhs9,peak_wk,0.0029704007654137816
Delphi_Stat_FewerComponentsNoBackcastNoNowcast,nat,1,-0.11225795730131888
Delphi_Stat_FewerComponentsNoBackcastNoNowcast,nat,2,-0.14754633584003946
Delphi_Stat_FewerComponentsNoBackcastNoNowcast,nat,3,-0.1779696117414996
Delphi_Stat_FewerComponentsNoBackcastNoNowcast,nat,4,-0.2033546246323224
Delphi_Stat_FewerComponentsNoBackcastNoNowcast,nat,onset_wk,4.947456209541847
Delphi_Stat_FewerComponentsNoBackcastNoNowcast,nat,peak,-0.11057648517943676
Delphi_Stat_FewerComponentsNoBackcastNoNowcast,nat,peak_wk,-7.219440655710135
Delphi_Uniform,hhs1,1,5.249137931034491
Delphi_Uniform,hhs1,2,5.250862068965524
Delphi_Uniform,hhs1,3,5.256034482758624
Delphi_Uniform,hhs1,4,5.262500000000002
Delphi_Uniform,hhs1,onset_wk,-38.45477386934673
Delphi_Uniform,hhs1,peak,3.8306034482758577
Delphi_Uniform,hhs1,peak_wk,-13.50754716981132
Delphi_Uniform,hhs10,1,5.237931034482757
Delphi_Uniform,hhs10,2,5.245689655172413
Delphi_Uniform,hhs10,3,5.252586206896551
Delphi_Uniform,hhs10,4,5.261206896551727
Delphi_Uniform,hhs10,onset_wk,-29.987437185929647
Delphi_Uniform,hhs10,peak,3.1918103448275876
Delphi_Uniform,hhs10,peak_wk,-7.672413793103449
Delphi_Uniform,hhs2,1,4.054310344827584
Delphi_Uniform,hhs2,2,4.052155172413791
Delphi_Uniform,hhs2,3,4.056465517241378
Delphi_Uniform,hhs2,4,4.0637931034482735
Delphi_Uniform,hhs2,onset_wk,-36.27386934673367
Delphi_Uniform,hhs2,peak,2.118103448275861
Delphi_Uniform,hhs2,peak_wk,-20.61111111111111
Delphi_Uniform,hhs3,1,4.43491379310345
Delphi_Uniform,hhs3,2,4.436206896551727
Delphi_Uniform,hhs3,3,4.4366379310344835
Delphi_Uniform,hhs3,4,4.437068965517242
Delphi_Uniform,hhs3,onset_wk,-37.118090452261306
Delphi_Uniform,hhs3,peak,1.739655172413792
Delphi_Uniform,hhs3,peak_wk,-21.258620689655174
Delphi_Uniform,hhs4,1,4.406896551724138
Delphi_Uniform,hhs4,2,4.411637931034483
Delphi_Uniform,hhs4,3,4.417672413793103
Delphi_Uniform,hhs4,4,4.430603448275861
Delphi_Uniform,hhs4,onset_wk,-35.62060301507537
Delphi_Uniform,hhs4,peak,1.4965517241379318
Delphi_Uniform,hhs4,peak_wk,-23.19463087248322
Delphi_Uniform,hhs5,1,4.800862068965516
Delphi_Uniform,hhs5,2,4.804741379310344
Delphi_Uniform,hhs5,3,4.812931034482761
Delphi_Uniform,hhs5,4,4.8241379310344845
Delphi_Uniform,hhs5,onset_wk,-25.935344827586214
Delphi_Uniform,hhs5,peak,2.2827586206896524
Delphi_Uniform,hhs5,peak_wk,-20.29245283018868
Delphi_Uniform,hhs6,1,2.893534482758621
Delphi_Uniform,hhs6,2,2.899137931034483
Delphi_Uniform,hhs6,3,2.9168103448275864
Delphi_Uniform,hhs6,4,2.9413793103448285
Delphi_Uniform,hhs6,onset_wk,-35.786432160804026
Delphi_Uniform,hhs6,peak,-1.6767241379310387
Delphi_Uniform,hhs6,peak_wk,-22.25
Delphi_Uniform,hhs7,1,4.712500000000002
Delphi_Uniform,hhs7,2,4.7284482758620685
Delphi_Uniform,hhs7,3,4.7508620689655165
Delphi_Uniform,hhs7,4,4.773275862068964
Delphi_Uniform,hhs7,onset_wk,-26.07758620689655
Delphi_Uniform,hhs7,peak,1.6008620689655184
Delphi_Uniform,hhs7,peak_wk,-22.681034482758623
Delphi_Uniform,hhs8,1,5.167672413793103
Delphi_Uniform,hhs8,2,5.170689655172414
Delphi_Uniform,hhs8,3,5.177155172413793
Delphi_Uniform,hhs8,4,5.185775862068965
Delphi_Uniform,hhs8,onset_wk,-30.48994974874372
Delphi_Uniform,hhs8,peak,3.401724137931044
Delphi_Uniform,hhs8,peak_wk,-18.325503355704697
Delphi_Uniform,hhs9,1,3.928879310344826
Delphi_Uniform,hhs9,2,3.9267241379310316
Delphi_Uniform,hhs9,3,3.930172413793103
Delphi_Uniform,hhs9,4,3.937068965517241
Delphi_Uniform,hhs9,onset_wk,-23.037688442211056
Delphi_Uniform,hhs9,peak,2.076293103448276
Delphi_Uniform,hhs9,peak_wk,-9.173972602739726
Delphi_Uniform,nat,1,4.287068965517242
Delphi_Uniform,nat,2,4.290086206896552
Delphi_Uniform,nat,3,4.297844827586208
Delphi_Uniform,nat,4,4.309482758620692
Delphi_Uniform,nat,onset_wk,-36.61557788944724
Delphi_Uniform,nat,peak,1.9155172413793051
Delphi_Uniform,nat,peak_wk,-20.043396226415094
LANL_DBM,hhs1,1,-0.03405172413793105
LANL_DBM,hhs1,2,-0.044396551724137916
LANL_DBM,hhs1,3,-0.055172413793103434
LANL_DBM,hhs1,4,-0.06551724137931034
LANL_DBM,hhs1,onset_wk,-4.849246231155778
LANL_DBM,hhs1,peak,0.1508620689655172
LANL_DBM,hhs1,peak_wk,-9.120754716981134
LANL_DBM,hhs10,1,0.1758620689655175
LANL_DBM,hhs10,2,0.2245689655172413
LANL_DBM,hhs10,3,0.26551724137931065
LANL_DBM,hhs10,4,0.30215517241379325
LANL_DBM,hhs10,onset_wk,-0.9899497487437184
LANL_DBM,hhs10,peak,0.8353448275862069
LANL_DBM,hhs10,peak_wk,-3.310344827586207
LANL_DBM,hhs2,1,0.016810344827586216
LANL_DBM,hhs2,2,-0.02758620689655173
LANL_DBM,hhs2,3,-0.06810344827586208
LANL_DBM,hhs2,4,-0.10991379310344827
LANL_DBM,hhs2,onset_wk,3.9095477386934667
LANL_DBM,hhs2,peak,0.29741379310344856
LANL_DBM,hhs2,peak_wk,-18.153153153153152
LANL_DBM,hhs3,1,0.006034482758620692
LANL_DBM,hhs3,2,0.021120689655172418
LANL_DBM,hhs3,3,0.03060344827586216
LANL_DBM,hhs3,4,0.039224137931034436
LANL_DBM,hhs3,onset_wk,-0.8291457286432161
LANL_DBM,hhs3,peak,0.028448275862068943
LANL_DBM,hhs3,peak_wk,-13.435344827586205
LANL_DBM,hhs4,1,-0.022413793103448282
LANL_DBM,hhs4,2,-0.0478448275862069
LANL_DBM,hhs4,3,-0.06939655172413786
LANL_DBM,hhs4,4,-0.08750000000000002
LANL_DBM,hhs4,onset_wk,5.452261306532663
LANL_DBM,hhs4,peak,-0.08663793103448278
LANL_DBM,hhs4,peak_wk,-14.71476510067114
LANL_DBM,hhs5,1,-0.009482758620689612
LANL_DBM,hhs5,2,-0.004310344827586224
LANL_DBM,hhs5,3,0.0043103448275862094
LANL_DBM,hhs5,4,0.023275862068965508
LANL_DBM,hhs5,onset_wk,1.0215517241379308
LANL_DBM,hhs5,peak,0.05603448275862067
LANL_DBM,hhs5,peak_wk,-9.58867924528302
LANL_DBM,hhs6,1,-0.0008620689655171906
LANL_DBM,hhs6,2,0.009051724137931065
LANL_DBM,hhs6,3,0.026724137931034484
LANL_DBM,hhs6,4,0.04612068965517248
LANL_DBM,hhs6,onset_wk,-1.6482412060301508
LANL_DBM,hhs6,peak,0.2344827586206896
LANL_DBM,hhs6,peak_wk,-12.05603448275862
LANL_DBM,hhs7,1,0.06336206896551726
LANL_DBM,hhs7,2,0.08793103448275859
LANL_DBM,hhs7,3,0.1129310344827585
LANL_DBM,hhs7,4,0.14181034482758625
LANL_DBM,hhs7,onset_wk,1.3836206896551724
LANL_DBM,hhs7,peak,0.4137931034482759
LANL_DBM,hhs7,peak_wk,-12.172413793103447
LANL_DBM,hhs8,1,-0.025862068965517224
LANL_DBM,hhs8,2,-0.032758620689655245
LANL_DBM,hhs8,3,-0.0413793103448275
LANL_DBM,hhs8,4,-0.0405172413793103
LANL_DBM,hhs8,onset_wk,-1.4271356783919598
LANL_DBM,hhs8,peak,0.322844827586207
LANL_DBM,hhs8,peak_wk,-12.080536912751676
LANL_DBM,hhs9,1,-0.1642241379310345
LANL_DBM,hhs9,2,-0.1663793103448276
LANL_DBM,hhs9,3,-0.16465517241379307
LANL_DBM,hhs9,4,-0.16896551724137926
LANL_DBM,hhs9,onset_wk,2.6180904522613067
LANL_DBM,hhs9,peak,0.6323275862068962
LANL_DBM,hhs9,peak_wk,-8.616438356164384
LANL_DBM,nat,1,-0.06508620689655173
LANL_DBM,nat,2,-0.0831896551724138
LANL_DBM,nat,3,-0.10387931034482756
LANL_DBM,nat,4,-0.11767241379310345
LANL_DBM,nat,onset_wk,4.2211055276381915
LANL_DBM,nat,peak,-0.0909482758620688
LANL_DBM,nat,peak_wk,-10.279245283018867
ReichLab_kcde,hhs1,1,-0.024784482758620677
ReichLab_kcde,hhs1,2,-0.06465517241379312
ReichLab_kcde,hhs1,3,-0.08879310344827587
ReichLab_kcde,hhs1,4,-0.10991379310344827
ReichLab_kcde,hhs1,onset_wk,-1.5678391959798994
ReichLab_kcde,hhs1,peak,0.27650862068965515
ReichLab_kcde,hhs1,peak_wk,-7.811320754716982
ReichLab_kcde,hhs10,1,0.1396551724137933
ReichLab_kcde,hhs10,2,0.19181034482758627
ReichLab_kcde,hhs10,3,0.21810344827586226
ReichLab_kcde,hhs10,4,0.2366379310344829
ReichLab_kcde,hhs10,onset_wk,3.0150753768844223
ReichLab_kcde,hhs10,peak,0.6987068965517242
ReichLab_kcde,hhs10,peak_wk,-2.1939655172413794
ReichLab_kcde,hhs2,1,-0.015517241379310341
ReichLab_kcde,hhs2,2,-0.12112068965517245
ReichLab_kcde,hhs2,3,-0.2484913793103448
ReichLab_kcde,hhs2,4,-0.3323275862068965
ReichLab_kcde,hhs2,onset_wk,3.979899497487437
ReichLab_kcde,hhs2,peak,0.2228448275862068
ReichLab_kcde,hhs2,peak_wk,-11.705705705705705
ReichLab_kcde,hhs3,1,-0.022844827586206876
ReichLab_kcde,hhs3,2,-0.0502155172413793
ReichLab_kcde,hhs3,3,-0.05603448275862067
ReichLab_kcde,hhs3,4,-0.037931034482758585
ReichLab_kcde,hhs3,onset_wk,0.31155778894472363
ReichLab_kcde,hhs3,peak,0.29030172413793115
ReichLab_kcde,hhs3,peak_wk,-8.301724137931034
ReichLab_kcde,hhs4,1,-0.07758620689655171
ReichLab_kcde,hhs4,2,-0.17241379310344832
ReichLab_kcde,hhs4,3,-0.2314655172413792
ReichLab_kcde,hhs4,4,-0.35193965517241377
ReichLab_kcde,hhs4,onset_wk,4.85427135678392
ReichLab_kcde,hhs4,peak,-0.2896551724137931
ReichLab_kcde,hhs4,peak_wk,-7.822147651006713
ReichLab_kcde,hhs5,1,-0.010344827586206898
ReichLab_kcde,hhs5,2,-0.09655172413793106
ReichLab_kcde,hhs5,3,-0.1474137931034483
ReichLab_kcde,hhs5,4,-0.17112068965517244
ReichLab_kcde,hhs5,onset_wk,5.176724137931036
ReichLab_kcde,hhs5,peak,-0.07090517241379309
ReichLab_kcde,hhs5,peak_wk,-7.2679245283018865
ReichLab_kcde,hhs6,1,-0.016810344827586206
ReichLab_kcde,hhs6,2,-0.1573275862068965
ReichLab_kcde,hhs6,3,-0.2980603448275861
ReichLab_kcde,hhs6,4,-0.3648706896551724
ReichLab_kcde,hhs6,onset_wk,-2.8743718592964824
ReichLab_kcde,hhs6,peak,-0.09547413793103456
ReichLab_kcde,hhs6,peak_wk,-7.620689655172414
ReichLab_kcde,hhs7,1,-0.012284482758620702
ReichLab_kcde,hhs7,2,-0.1116379310344828
ReichLab_kcde,hhs7,3,-0.2357758620689655
ReichLab_kcde,hhs7,4,-0.26875000000000004
ReichLab_kcde,hhs7,onset_wk,2.987068965517241
ReichLab_kcde,hhs7,peak,-0.02241379310344844
ReichLab_kcde,hhs7,peak_wk,-8.53448275862069
ReichLab_kcde,hhs8,1,-0.03900862068965517
ReichLab_kcde,hhs8,2,-0.10775862068965517
ReichLab_kcde,hhs8,3,-0.1719827586206897
ReichLab_kcde,hhs8,4,-0.2245689655172413
ReichLab_kcde,hhs8,onset_wk,2.768844221105528
ReichLab_kcde,hhs8,peak,-0.06293103448275864
ReichLab_kcde,hhs8,peak_wk,-10.090604026845636
ReichLab_kcde,hhs9,1,-0.3784482758620688
ReichLab_kcde,hhs9,2,-0.3551724137931033
ReichLab_kcde,hhs9,3,-0.31336206896551744
ReichLab_kcde,hhs9,4,-0.2864224137931033
ReichLab_kcde,hhs9,onset_wk,5.591836734693878
ReichLab_kcde,hhs9,peak,0.5260775862068968
ReichLab_kcde,hhs9,peak_wk,-1.0986301369863014
ReichLab_kcde,nat,1,-0.09181034482758617
ReichLab_kcde,nat,2,-0.1469827586206897
ReichLab_kcde,nat,3,-0.19353448275862065
ReichLab_kcde,nat,4,-0.21724137931034485
ReichLab_kcde,nat,onset_wk,3.0653266331658293
ReichLab_kcde,nat,peak,-0.013577586206896421
ReichLab_kcde,nat,peak_wk,-6.8528301886792455
ReichLab_kde,hhs1,1,-0.2573275862068966
ReichLab_kde,hhs1,2,-0.2629310344827585
ReichLab_kde,hhs1,3,-0.2659482758620689
ReichLab_kde,hhs1,4,-0.268103448275862
ReichLab_kde,hhs1,onset_wk,-32.90954773869347
ReichLab_kde,hhs1,peak,0.8642241379310334
ReichLab_kde,hhs1,peak_wk,-12.418867924528303
ReichLab_kde,hhs10,1,0.3862068965517241
ReichLab_kde,hhs10,2,0.3862068965517242
ReichLab_kde,hhs10,3,0.3797413793103449
ReichLab_kde,hhs10,4,0.3698275862068965
ReichLab_kde,hhs10,onset_wk,-24.23115577889447
ReichLab_kde,hhs10,peak,2.755603448275868
ReichLab_kde,hhs10,peak_wk,-6.103448275862068
ReichLab_kde,hhs2,1,-0.5573275862068964
ReichLab_kde,hhs2,2,-0.56551724137931
ReichLab_kde,hhs2,3,-0.5629310344827585
ReichLab_kde,hhs2,4,-0.572413793103448
ReichLab_kde,hhs2,onset_wk,5.226130653266332
ReichLab_kde,hhs2,peak,0.4831896551724135
ReichLab_kde,hhs2,peak_wk,-22.05105105105105
ReichLab_kde,hhs3,1,0.2349137931034481
ReichLab_kde,hhs3,2,0.23189655172413776
ReichLab_kde,hhs3,3,0.21853448275862064
ReichLab_kde,hhs3,4,0.20344827586206884
ReichLab_kde,hhs3,onset_wk,9.56281407035176
ReichLab_kde,hhs3,peak,1.3491379310344818
ReichLab_kde,hhs3,peak_wk,-21.0
ReichLab_kde,hhs4,1,-0.5129310344827586
ReichLab_kde,hhs4,2,-0.5159482758620688
ReichLab_kde,hhs4,3,-0.5219827586206897
ReichLab_kde,hhs4,4,-0.5232758620689654
ReichLab_kde,hhs4,onset_wk,-13.723618090452259
ReichLab_kde,hhs4,peak,-0.6150862068965516
ReichLab_kde,hhs4,peak_wk,-24.308724832214764
ReichLab_kde,hhs5,1,-0.17456896551724138
ReichLab_kde,hhs5,2,-0.1797413793103448
ReichLab_kde,hhs5,3,-0.1818965517241379
ReichLab_kde,hhs5,4,-0.18749999999999994
ReichLab_kde,hhs5,onset_wk,-13.69396551724138
ReichLab_kde,hhs5,peak,0.3086206896551725
ReichLab_kde,hhs5,peak_wk,-18.90943396226415
ReichLab_kde,hhs6,1,-1.1064655172413798
ReichLab_kde,hhs6,2,-1.1077586206896557
ReichLab_kde,hhs6,3,-1.0965517241379314
ReichLab_kde,hhs6,4,-1.080172413793104
ReichLab_kde,hhs6,onset_wk,3.095477386934673
ReichLab_kde,hhs6,peak,0.3262931034482758
ReichLab_kde,hhs6,peak_wk,-23.83620689655172
ReichLab_kde,hhs7,1,-0.4405172413793104
ReichLab_kde,hhs7,2,-0.4323275862068965
ReichLab_kde,hhs7,3,-0.4267241379310343
ReichLab_kde,hhs7,4,-0.4189655172413791
ReichLab_kde,hhs7,onset_wk,-28.568965517241377
ReichLab_kde,hhs7,peak,0.19439655172413836
ReichLab_kde,hhs7,peak_wk,-22.068965517241377
ReichLab_kde,hhs8,1,-0.2922413793103447
ReichLab_kde,hhs8,2,-0.2948275862068965
ReichLab_kde,hhs8,3,-0.2952586206896552
ReichLab_kde,hhs8,4,-0.2969827586206896
ReichLab_kde,hhs8,onset_wk,0.18090452261306533
ReichLab_kde,hhs8,peak,0.5379310344827593
ReichLab_kde,hhs8,peak_wk,-18.546979865771814
ReichLab_kde,hhs9,1,-0.04612068965517238
ReichLab_kde,hhs9,2,-0.06249999999999997
ReichLab_kde,hhs9,3,-0.07025862068965512
ReichLab_kde,hhs9,4,-0.07931034482758617
ReichLab_kde,hhs9,onset_wk,-1.4271356783919598
ReichLab_kde,hhs9,peak,1.8267241379310355
ReichLab_kde,hhs9,peak_wk,-10.682191780821919
ReichLab_kde,nat,1,-0.22068965517241365
ReichLab_kde,nat,2,-0.22844827586206884
ReichLab_kde,nat,3,-0.22887931034482745
ReichLab_kde,nat,4,-0.2323275862068965
ReichLab_kde,nat,onset_wk,9.321608040201003
ReichLab_kde,nat,peak,0.3086206896551729
ReichLab_kde,nat,peak_wk,-19.845283018867928
ReichLab_sarima_seasonal_difference_FALSE,hhs1,1,-0.10258620689655176
ReichLab_sarima_seasonal_difference_FALSE,hhs1,2,-0.17284482758620687
ReichLab_sarima_seasonal_difference_FALSE,hhs1,3,-0.2275862068965516
ReichLab_sarima_seasonal_difference_FALSE,hhs1,4,-0.275646551724138
ReichLab_sarima_seasonal_difference_FALSE,hhs1,onset_wk,-6.155778894472362
ReichLab_sarima_seasonal_difference_FALSE,hhs1,peak,-0.2372844827586207
ReichLab_sarima_seasonal_difference_FALSE,hhs1,peak_wk,-7.184905660377358
ReichLab_sarima_seasonal_difference_FALSE,hhs10,1,0.013146551724137949
ReichLab_sarima_seasonal_difference_FALSE,hhs10,2,-0.028448275862068943
ReichLab_sarima_seasonal_difference_FALSE,hhs10,3,-0.0627155172413793
ReichLab_sarima_seasonal_difference_FALSE,hhs10,4,-0.08577586206896554
ReichLab_sarima_seasonal_difference_FALSE,hhs10,onset_wk,-2.8291457286432165
ReichLab_sarima_seasonal_difference_FALSE,hhs10,peak,-0.008620689655172578
ReichLab_sarima_seasonal_difference_FALSE,hhs10,peak_wk,-2.112068965517241
ReichLab_sarima_seasonal_difference_FALSE,hhs2,1,-0.06594827586206897
ReichLab_sarima_seasonal_difference_FALSE,hhs2,2,-0.1892241379310345
ReichLab_sarima_seasonal_difference_FALSE,hhs2,3,-0.2950431034482757
ReichLab_sarima_seasonal_difference_FALSE,hhs2,4,-0.3743534482758623
ReichLab_sarima_seasonal_difference_FALSE,hhs2,onset_wk,-0.12562814070351758
ReichLab_sarima_seasonal_difference_FALSE,hhs2,peak,0.10818965517241402
ReichLab_sarima_seasonal_difference_FALSE,hhs2,peak_wk,-13.957957957957962
ReichLab_sarima_seasonal_difference_FALSE,hhs3,1,-0.11422413793103448
ReichLab_sarima_seasonal_difference_FALSE,hhs3,2,-0.16681034482758625
ReichLab_sarima_seasonal_difference_FALSE,hhs3,3,-0.20301724137931024
ReichLab_sarima_seasonal_difference_FALSE,hhs3,4,-0.2372844827586205
ReichLab_sarima_seasonal_difference_FALSE,hhs3,onset_wk,-5.422110552763819
ReichLab_sarima_seasonal_difference_FALSE,hhs3,peak,-0.4370689655172415
ReichLab_sarima_seasonal_difference_FALSE,hhs3,peak_wk,-8.551724137931034
ReichLab_sarima_seasonal_difference_FALSE,hhs4,1,-0.06465517241379308
ReichLab_sarima_seasonal_difference_FALSE,hhs4,2,-0.1637931034482759
ReichLab_sarima_seasonal_difference_FALSE,hhs4,3,-0.2620689655172413
ReichLab_sarima_seasonal_difference_FALSE,hhs4,4,-0.3418103448275864
ReichLab_sarima_seasonal_difference_FALSE,hhs4,onset_wk,3.3165829145728645
ReichLab_sarima_seasonal_difference_FALSE,hhs4,peak,-0.838793103448276
ReichLab_sarima_seasonal_difference_FALSE,hhs4,peak_wk,-3.1677852348993287
ReichLab_sarima_seasonal_difference_FALSE,hhs5,1,-0.0775862068965517
ReichLab_sarima_seasonal_difference_FALSE,hhs5,2,-0.13318965517241385
ReichLab_sarima_seasonal_difference_FALSE,hhs5,3,-0.18750000000000006
ReichLab_sarima_seasonal_difference_FALSE,hhs5,4,-0.230603448275862
ReichLab_sarima_seasonal_difference_FALSE,hhs5,onset_wk,2.9913793103448274
ReichLab_sarima_seasonal_difference_FALSE,hhs5,peak,-0.7364224137931035
ReichLab_sarima_seasonal_difference_FALSE,hhs5,peak_wk,-6.052830188679246
ReichLab_sarima_seasonal_difference_FALSE,hhs6,1,-0.32198275862068965
ReichLab_sarima_seasonal_difference_FALSE,hhs6,2,-0.5879310344827589
ReichLab_sarima_seasonal_difference_FALSE,hhs6,3,-0.7879310344827586
ReichLab_sarima_seasonal_difference_FALSE,hhs6,4,-0.9448275862068966
ReichLab_sarima_seasonal_difference_FALSE,hhs6,onset_wk,-5.271356783919598
ReichLab_sarima_seasonal_difference_FALSE,hhs6,peak,-0.7545258620689652
ReichLab_sarima_seasonal_difference_FALSE,hhs6,peak_wk,-8.267241379310345
ReichLab_sarima_seasonal_difference_FALSE,hhs7,1,-0.055603448275862055
ReichLab_sarima_seasonal_difference_FALSE,hhs7,2,-0.13211206896551728
ReichLab_sarima_seasonal_difference_FALSE,hhs7,3,-0.20603448275862069
ReichLab_sarima_seasonal_difference_FALSE,hhs7,4,-0.26034482758620703
ReichLab_sarima_seasonal_difference_FALSE,hhs7,onset_wk,0.75
ReichLab_sarima_seasonal_difference_FALSE,hhs7,peak,-0.7137931034482756
ReichLab_sarima_seasonal_difference_FALSE,hhs7,peak_wk,-9.16810344827586
ReichLab_sarima_seasonal_difference_FALSE,hhs8,1,-0.10452586206896557
ReichLab_sarima_seasonal_difference_FALSE,hhs8,2,-0.17952586206896565
ReichLab_sarima_seasonal_difference_FALSE,hhs8,3,-0.2443965517241379
ReichLab_sarima_seasonal_difference_FALSE,hhs8,4,-0.299353448275862
ReichLab_sarima_seasonal_difference_FALSE,hhs8,onset_wk,-1.7688442211055275
ReichLab_sarima_seasonal_difference_FALSE,hhs8,peak,-0.0991379310344828
ReichLab_sarima_seasonal_difference_FALSE,hhs8,peak_wk,-10.546979865771812
ReichLab_sarima_seasonal_difference_FALSE,hhs9,1,-0.5017241379310344
ReichLab_sarima_seasonal_difference_FALSE,hhs9,2,-0.5523706896551722
ReichLab_sarima_seasonal_difference_FALSE,hhs9,3,-0.5702586206896549
ReichLab_sarima_seasonal_difference_FALSE,hhs9,4,-0.5913793103448277
ReichLab_sarima_seasonal_difference_FALSE,hhs9,onset_wk,-1.6377551020408163
ReichLab_sarima_seasonal_difference_FALSE,hhs9,peak,-0.015517241379310237
ReichLab_sarima_seasonal_difference_FALSE,hhs9,peak_wk,-1.7123287671232876
ReichLab_sarima_seasonal_difference_FALSE,nat,1,-0.11077586206896542
ReichLab_sarima_seasonal_difference_FALSE,nat,2,-0.1758620689655172
ReichLab_sarima_seasonal_difference_FALSE,nat,3,-0.2415948275862068
ReichLab_sarima_seasonal_difference_FALSE,nat,4,-0.3077586206896553
ReichLab_sarima_seasonal_difference_FALSE,nat,onset_wk,-2.130653266331658
ReichLab_sarima_seasonal_difference_FALSE,nat,peak,-0.6728448275862071
ReichLab_sarima_seasonal_difference_FALSE,nat,peak_wk,-5.1471698113207545
ReichLab_sarima_seasonal_difference_TRUE,hhs1,1,-0.04310344827586207
ReichLab_sarima_seasonal_difference_TRUE,hhs1,2,-0.05215517241379307
ReichLab_sarima_seasonal_difference_TRUE,hhs1,3,-0.05495689655172413
ReichLab_sarima_seasonal_difference_TRUE,hhs1,4,-0.06293103448275852
ReichLab_sarima_seasonal_difference_TRUE,hhs1,onset_wk,-0.6633165829145728
ReichLab_sarima_seasonal_difference_TRUE,hhs1,peak,0.4872844827586206
ReichLab_sarima_seasonal_difference_TRUE,hhs1,peak_wk,-7.154716981132076
ReichLab_sarima_seasonal_difference_TRUE,hhs10,1,0.056034482758620704
ReichLab_sarima_seasonal_difference_TRUE,hhs10,2,0.045258620689655193
ReichLab_sarima_seasonal_difference_TRUE,hhs10,3,0.03836206896551723
ReichLab_sarima_seasonal_difference_TRUE,hhs10,4,0.028663793103448337
ReichLab_sarima_seasonal_difference_TRUE,hhs10,onset_wk,2.2814070351758797
ReichLab_sarima_seasonal_difference_TRUE,hhs10,peak,0.8064655172413794
ReichLab_sarima_seasonal_difference_TRUE,hhs10,peak_wk,-2.4267241379310347
ReichLab_sarima_seasonal_difference_TRUE,hhs2,1,0.030603448275862036
ReichLab_sarima_seasonal_difference_TRUE,hhs2,2,-0.051939655172413786
ReichLab_sarima_seasonal_difference_TRUE,hhs2,3,-0.11724137931034485
ReichLab_sarima_seasonal_difference_TRUE,hhs2,4,-0.17241379310344832
ReichLab_sarima_seasonal_difference_TRUE,hhs2,onset_wk,2.864321608040201
ReichLab_sarima_seasonal_difference_TRUE,hhs2,peak,0.8683189655172417
ReichLab_sarima_seasonal_difference_TRUE,hhs2,peak_wk,-14.834834834834835
ReichLab_sarima_seasonal_difference_TRUE,hhs3,1,-0.06465517241379311
ReichLab_sarima_seasonal_difference_TRUE,hhs3,2,-0.07456896551724132
ReichLab_sarima_seasonal_difference_TRUE,hhs3,3,-0.07887931034482762
ReichLab_sarima_seasonal_difference_TRUE,hhs3,4,-0.0885775862068966
ReichLab_sarima_seasonal_difference_TRUE,hhs3,onset_wk,1.5226130653266332
ReichLab_sarima_seasonal_difference_TRUE,hhs3,peak,0.5508620689655174
ReichLab_sarima_seasonal_difference_TRUE,hhs3,peak_wk,-4.952586206896552
ReichLab_sarima_seasonal_difference_TRUE,hhs4,1,-0.013362068965517244
ReichLab_sarima_seasonal_difference_TRUE,hhs4,2,-0.05732758620689656
ReichLab_sarima_seasonal_difference_TRUE,hhs4,3,-0.0974137931034483
ReichLab_sarima_seasonal_difference_TRUE,hhs4,4,-0.12112068965517245
ReichLab_sarima_seasonal_difference_TRUE,hhs4,onset_wk,2.527638190954774
ReichLab_sarima_seasonal_difference_TRUE,hhs4,peak,-0.17176724137931024
ReichLab_sarima_seasonal_difference_TRUE,hhs4,peak_wk,0.12080536912751677
ReichLab_sarima_seasonal_difference_TRUE,hhs5,1,-0.03362068965517242
ReichLab_sarima_seasonal_difference_TRUE,hhs5,2,-0.04288793103448276
ReichLab_sarima_seasonal_difference_TRUE,hhs5,3,-0.053232758620689664
ReichLab_sarima_seasonal_difference_TRUE,hhs5,4,-0.05172413793103446
ReichLab_sarima_seasonal_difference_TRUE,hhs5,onset_wk,3.0258620689655173
ReichLab_sarima_seasonal_difference_TRUE,hhs5,peak,-0.08749999999999995
ReichLab_sarima_seasonal_difference_TRUE,hhs5,peak_wk,-0.7245283018867924
ReichLab_sarima_seasonal_difference_TRUE,hhs6,1,-0.07478448275862065
ReichLab_sarima_seasonal_difference_TRUE,hhs6,2,-0.13017241379310346
ReichLab_sarima_seasonal_difference_TRUE,hhs6,3,-0.17995689655172412
ReichLab_sarima_seasonal_difference_TRUE,hhs6,4,-0.21530172413793106
ReichLab_sarima_seasonal_difference_TRUE,hhs6,onset_wk,-4.723618090452262
ReichLab_sarima_seasonal_difference_TRUE,hhs6,peak,1.1181034482758612
ReichLab_sarima_seasonal_difference_TRUE,hhs6,peak_wk,-10.099137931034482
ReichLab_sarima_seasonal_difference_TRUE,hhs7,1,0.020689655172413824
ReichLab_sarima_seasonal_difference_TRUE,hhs7,2,0.009267241379310284
ReichLab_sarima_seasonal_difference_TRUE,hhs7,3,-0.009267241379310398
ReichLab_sarima_seasonal_difference_TRUE,hhs7,4,-0.01853448275862073
ReichLab_sarima_seasonal_difference_TRUE,hhs7,onset_wk,1.262931034482759
ReichLab_sarima_seasonal_difference_TRUE,hhs7,peak,0.468103448275862
ReichLab_sarima_seasonal_difference_TRUE,hhs7,peak_wk,-6.681034482758621
ReichLab_sarima_seasonal_difference_TRUE,hhs8,1,-0.030172413793103432
ReichLab_sarima_seasonal_difference_TRUE,hhs8,2,-0.04655172413793103
ReichLab_sarima_seasonal_difference_TRUE,hhs8,3,-0.05344827586206896
ReichLab_sarima_seasonal_difference_TRUE,hhs8,4,-0.0681034482758621
ReichLab_sarima_seasonal_difference_TRUE,hhs8,onset_wk,0.20603015075376885
ReichLab_sarima_seasonal_difference_TRUE,hhs8,peak,0.7515086206896555
ReichLab_sarima_seasonal_difference_TRUE,hhs8,peak_wk,-10.949664429530204
ReichLab_sarima_seasonal_difference_TRUE,hhs9,1,-0.35301724137931023
ReichLab_sarima_seasonal_difference_TRUE,hhs9,2,-0.3681034482758621
ReichLab_sarima_seasonal_difference_TRUE,hhs9,3,-0.31982758620689644
ReichLab_sarima_seasonal_difference_TRUE,hhs9,4,-0.3094827586206895
ReichLab_sarima_seasonal_difference_TRUE,hhs9,onset_wk,4.576530612244898
ReichLab_sarima_seasonal_difference_TRUE,hhs9,peak,0.8620689655172419
ReichLab_sarima_seasonal_difference_TRUE,hhs9,peak_wk,-2.9424657534246577
ReichLab_sarima_seasonal_difference_TRUE,nat,1,-0.0775862068965517
ReichLab_sarima_seasonal_difference_TRUE,nat,2,-0.10237068965517232
ReichLab_sarima_seasonal_difference_TRUE,nat,3,-0.12801724137931034
ReichLab_sarima_seasonal_difference_TRUE,nat,4,-0.14439655172413793
ReichLab_sarima_seasonal_difference_TRUE,nat,onset_wk,0.10050251256281408
ReichLab_sarima_seasonal_difference_TRUE,nat,peak,-0.25215517241379304
ReichLab_sarima_seasonal_difference_TRUE,nat,peak_wk,1.30188679245283
